<?xml version="1.0" encoding="UTF-8"?>
<data><post>
		<ID>21029</ID>
		<Date>1508910600</Date>
		<Order>0</Order>
		<AirTemperature/>
		<RelativeHumidity/>
		<BarometricPressure/>
		<WindSpeed/>
		<WindDirection/>
		<DailyRain/>
		<SurfaceTemperature>56.16</SurfaceTemperature>
		<Conductivity>459</Conductivity>
		<pH>8.47</pH>
		<DOSatSurface>89.1</DOSatSurface>
		<DOatSurface>9.29</DOatSurface>
		<CarbonDioxide>-499.7</CarbonDioxide>
		<DOat10ft>9.25</DOat10ft>
		<Temperatureat10ft>56.34</Temperatureat10ft>
		<DOSatat10ft>88.8</DOSatat10ft>
		<DOat16ft>9.17</DOat16ft>
		<Temperatureat16ft>56.35</Temperatureat16ft>
		<DOSatat16ft>88.1</DOSatat16ft>
		<DOat23ft>9.16</DOat23ft>
		<Temperatureat23ft>56.28</Temperatureat23ft>
		<DOSatat23ft>87.9</DOSatat23ft>
		<DOat30ft>9.08</DOat30ft>
		<Temperatureat30ft>56.26</Temperatureat30ft>
		<DOSatat30ft>87.1</DOSatat30ft>
		<DOat36ft>8.91</DOat36ft>
		<Temperatureat36ft>56.32</Temperatureat36ft>
		<DOSatat36ft>85.6</DOSatat36ft>
		<DOat43ft>9.08</DOat43ft>
		<Temperatureat43ft>56.3</Temperatureat43ft>
		<DOSatat43ft>87.1</DOSatat43ft>
		<DOat49ft>8.97</DOat49ft>
		<Temperatureat49ft>56.3</Temperatureat49ft>
		<DOSatat49ft>86.1</DOSatat49ft>
		<DOat56ft>9.03</DOat56ft>
		<Temperatureat56ft>56.32</Temperatureat56ft>
		<DOSatat56ft>86.7</DOSatat56ft>
		<DOat62ft>8.87</DOat62ft>
		<Temperatureat62ft>56.19</Temperatureat62ft>
		<DOSatat62ft>85</DOSatat62ft>
		<DOat69ft/>
		<Temperatureat69ft/>
		<DOSatat69ft/>
		<DOat75ft>9.05</DOat75ft>
		<Temperatureat75ft>56.17</Temperatureat75ft>
		<DOSatat75ft>86.7</DOSatat75ft>
		<DOat82ft>-0.06</DOat82ft>
		<Temperatureat82ft>56.01</Temperatureat82ft>
		<DOSatat82ft>-0.6</DOSatat82ft>
		<Voltage/>
	</post><post>
		<ID>21030</ID>
		<Date>1508910000</Date>
		<Order>0</Order>
		<AirTemperature/>
		<RelativeHumidity/>
		<BarometricPressure/>
		<WindSpeed/>
		<WindDirection/>
		<DailyRain/>
		<SurfaceTemperature>56.21</SurfaceTemperature>
		<Conductivity>459</Conductivity>
		<pH>8.47</pH>
		<DOSatSurface>89.1</DOSatSurface>
		<DOatSurface>9.29</DOatSurface>
		<CarbonDioxide>-499.8</CarbonDioxide>
		<DOat10ft>9.28</DOat10ft>
		<Temperatureat10ft>56.35</Temperatureat10ft>
		<DOSatat10ft>89.1</DOSatat10ft>
		<DOat16ft>9.13</DOat16ft>
		<Temperatureat16ft>56.35</Temperatureat16ft>
		<DOSatat16ft>87.6</DOSatat16ft>
		<DOat23ft>9.17</DOat23ft>
		<Temperatureat23ft>56.34</Temperatureat23ft>
		<DOSatat23ft>88</DOSatat23ft>
		<DOat30ft>9.1</DOat30ft>
		<Temperatureat30ft>56.32</Temperatureat30ft>
		<DOSatat30ft>87.3</DOSatat30ft>
		<DOat36ft>8.9</DOat36ft>
		<Temperatureat36ft>56.35</Temperatureat36ft>
		<DOSatat36ft>85.5</DOSatat36ft>
		<DOat43ft>9.08</DOat43ft>
		<Temperatureat43ft>56.34</Temperatureat43ft>
		<DOSatat43ft>87.2</DOSatat43ft>
		<DOat49ft>9</DOat49ft>
		<Temperatureat49ft>56.34</Temperatureat49ft>
		<DOSatat49ft>86.5</DOSatat49ft>
		<DOat56ft>9.07</DOat56ft>
		<Temperatureat56ft>56.34</Temperatureat56ft>
		<DOSatat56ft>87</DOSatat56ft>
		<DOat62ft>8.89</DOat62ft>
		<Temperatureat62ft>56.21</Temperatureat62ft>
		<DOSatat62ft>85.2</DOSatat62ft>
		<DOat69ft/>
		<Temperatureat69ft/>
		<DOSatat69ft/>
		<DOat75ft>9.04</DOat75ft>
		<Temperatureat75ft>56.19</Temperatureat75ft>
		<DOSatat75ft>86.7</DOSatat75ft>
		<DOat82ft>-0.06</DOat82ft>
		<Temperatureat82ft>56.05</Temperatureat82ft>
		<DOSatat82ft>-0.6</DOSatat82ft>
		<Voltage/>
	</post><post>
		<ID>21031</ID>
		<Date>1508913000</Date>
		<Order>0</Order>
		<AirTemperature/>
		<RelativeHumidity/>
		<BarometricPressure/>
		<WindSpeed/>
		<WindDirection/>
		<DailyRain/>
		<SurfaceTemperature>56.16</SurfaceTemperature>
		<Conductivity>459</Conductivity>
		<pH>8.47</pH>
		<DOSatSurface>88.9</DOSatSurface>
		<DOatSurface>9.27</DOatSurface>
		<CarbonDioxide>-499.9</CarbonDioxide>
		<DOat10ft>9.22</DOat10ft>
		<Temperatureat10ft>56.34</Temperatureat10ft>
		<DOSatat10ft>88.5</DOSatat10ft>
		<DOat16ft>9.15</DOat16ft>
		<Temperatureat16ft>56.35</Temperatureat16ft>
		<DOSatat16ft>87.9</DOSatat16ft>
		<DOat23ft>8.84</DOat23ft>
		<Temperatureat23ft>56.28</Temperatureat23ft>
		<DOSatat23ft>84.8</DOSatat23ft>
		<DOat30ft>9.07</DOat30ft>
		<Temperatureat30ft>56.26</Temperatureat30ft>
		<DOSatat30ft>87</DOSatat30ft>
		<DOat36ft>8.87</DOat36ft>
		<Temperatureat36ft>56.32</Temperatureat36ft>
		<DOSatat36ft>85.2</DOSatat36ft>
		<DOat43ft>9.07</DOat43ft>
		<Temperatureat43ft>56.25</Temperatureat43ft>
		<DOSatat43ft>87</DOSatat43ft>
		<DOat49ft>8.96</DOat49ft>
		<Temperatureat49ft>56.26</Temperatureat49ft>
		<DOSatat49ft>85.9</DOSatat49ft>
		<DOat56ft>9.05</DOat56ft>
		<Temperatureat56ft>56.26</Temperatureat56ft>
		<DOSatat56ft>86.8</DOSatat56ft>
		<DOat62ft>8.86</DOat62ft>
		<Temperatureat62ft>56.12</Temperatureat62ft>
		<DOSatat62ft>84.9</DOSatat62ft>
		<DOat69ft/>
		<Temperatureat69ft/>
		<DOSatat69ft/>
		<DOat75ft>9.07</DOat75ft>
		<Temperatureat75ft>56.08</Temperatureat75ft>
		<DOSatat75ft>86.8</DOSatat75ft>
		<DOat82ft>-0.07</DOat82ft>
		<Temperatureat82ft>55.89</Temperatureat82ft>
		<DOSatat82ft>-0.6</DOSatat82ft>
		<Voltage/>
	</post><post>
		<ID>21032</ID>
		<Date>1508913600</Date>
		<Order>0</Order>
		<AirTemperature/>
		<RelativeHumidity/>
		<BarometricPressure/>
		<WindSpeed/>
		<WindDirection/>
		<DailyRain/>
		<SurfaceTemperature>56.14</SurfaceTemperature>
		<Conductivity>460</Conductivity>
		<pH>8.46</pH>
		<DOSatSurface>88.9</DOSatSurface>
		<DOatSurface>9.27</DOatSurface>
		<CarbonDioxide>-499.8</CarbonDioxide>
		<DOat10ft>9.2</DOat10ft>
		<Temperatureat10ft>56.32</Temperatureat10ft>
		<DOSatat10ft>88.3</DOSatat10ft>
		<DOat16ft>9.15</DOat16ft>
		<Temperatureat16ft>56.35</Temperatureat16ft>
		<DOSatat16ft>87.9</DOSatat16ft>
		<DOat23ft>8.83</DOat23ft>
		<Temperatureat23ft>56.28</Temperatureat23ft>
		<DOSatat23ft>84.7</DOSatat23ft>
		<DOat30ft>9.08</DOat30ft>
		<Temperatureat30ft>56.25</Temperatureat30ft>
		<DOSatat30ft>87.1</DOSatat30ft>
		<DOat36ft>8.87</DOat36ft>
		<Temperatureat36ft>56.28</Temperatureat36ft>
		<DOSatat36ft>85.1</DOSatat36ft>
		<DOat43ft>9.06</DOat43ft>
		<Temperatureat43ft>56.25</Temperatureat43ft>
		<DOSatat43ft>86.9</DOSatat43ft>
		<DOat49ft>8.95</DOat49ft>
		<Temperatureat49ft>56.25</Temperatureat49ft>
		<DOSatat49ft>85.8</DOSatat49ft>
		<DOat56ft>9.04</DOat56ft>
		<Temperatureat56ft>56.21</Temperatureat56ft>
		<DOSatat56ft>86.7</DOSatat56ft>
		<DOat62ft>8.88</DOat62ft>
		<Temperatureat62ft>56.08</Temperatureat62ft>
		<DOSatat62ft>85</DOSatat62ft>
		<DOat69ft/>
		<Temperatureat69ft/>
		<DOSatat69ft/>
		<DOat75ft>9.05</DOat75ft>
		<Temperatureat75ft>55.94</Temperatureat75ft>
		<DOSatat75ft>86.5</DOSatat75ft>
		<DOat82ft>-0.07</DOat82ft>
		<Temperatureat82ft>55.87</Temperatureat82ft>
		<DOSatat82ft>-0.6</DOSatat82ft>
		<Voltage/>
	</post><post>
		<ID>21033</ID>
		<Date>1508914200</Date>
		<Order>0</Order>
		<AirTemperature/>
		<RelativeHumidity/>
		<BarometricPressure/>
		<WindSpeed/>
		<WindDirection/>
		<DailyRain/>
		<SurfaceTemperature>56.07</SurfaceTemperature>
		<Conductivity>460</Conductivity>
		<pH>8.47</pH>
		<DOSatSurface>88.8</DOSatSurface>
		<DOatSurface>9.26</DOatSurface>
		<CarbonDioxide>-499.8</CarbonDioxide>
		<DOat10ft>9.21</DOat10ft>
		<Temperatureat10ft>56.3</Temperatureat10ft>
		<DOSatat10ft>88.4</DOSatat10ft>
		<DOat16ft>9.15</DOat16ft>
		<Temperatureat16ft>56.28</Temperatureat16ft>
		<DOSatat16ft>87.8</DOSatat16ft>
		<DOat23ft>8.79</DOat23ft>
		<Temperatureat23ft>56.25</Temperatureat23ft>
		<DOSatat23ft>84.3</DOSatat23ft>
		<DOat30ft>9.08</DOat30ft>
		<Temperatureat30ft>56.21</Temperatureat30ft>
		<DOSatat30ft>87</DOSatat30ft>
		<DOat36ft>8.89</DOat36ft>
		<Temperatureat36ft>56.25</Temperatureat36ft>
		<DOSatat36ft>85.3</DOSatat36ft>
		<DOat43ft>9.06</DOat43ft>
		<Temperatureat43ft>56.21</Temperatureat43ft>
		<DOSatat43ft>86.9</DOSatat43ft>
		<DOat49ft>8.97</DOat49ft>
		<Temperatureat49ft>56.25</Temperatureat49ft>
		<DOSatat49ft>86.1</DOSatat49ft>
		<DOat56ft>9.05</DOat56ft>
		<Temperatureat56ft>56.26</Temperatureat56ft>
		<DOSatat56ft>86.8</DOSatat56ft>
		<DOat62ft>8.86</DOat62ft>
		<Temperatureat62ft>56.12</Temperatureat62ft>
		<DOSatat62ft>84.9</DOSatat62ft>
		<DOat69ft/>
		<Temperatureat69ft/>
		<DOSatat69ft/>
		<DOat75ft>9.08</DOat75ft>
		<Temperatureat75ft>56.05</Temperatureat75ft>
		<DOSatat75ft>86.8</DOSatat75ft>
		<DOat82ft>-0.07</DOat82ft>
		<Temperatureat82ft>55.87</Temperatureat82ft>
		<DOSatat82ft>-0.6</DOSatat82ft>
		<Voltage/>
	</post><post>
		<ID>21034</ID>
		<Date>1508922000</Date>
		<Order>0</Order>
		<AirTemperature/>
		<RelativeHumidity/>
		<BarometricPressure/>
		<WindSpeed/>
		<WindDirection/>
		<DailyRain/>
		<SurfaceTemperature>56.05</SurfaceTemperature>
		<Conductivity>460</Conductivity>
		<pH>8.46</pH>
		<DOSatSurface>88.9</DOSatSurface>
		<DOatSurface>9.28</DOatSurface>
		<CarbonDioxide>-499.8</CarbonDioxide>
		<DOat10ft>9.06</DOat10ft>
		<Temperatureat10ft>56.23</Temperatureat10ft>
		<DOSatat10ft>86.8</DOSatat10ft>
		<DOat16ft>9.17</DOat16ft>
		<Temperatureat16ft>56.23</Temperatureat16ft>
		<DOSatat16ft>88</DOSatat16ft>
		<DOat23ft>8.65</DOat23ft>
		<Temperatureat23ft>56.19</Temperatureat23ft>
		<DOSatat23ft>82.9</DOSatat23ft>
		<DOat30ft>9.05</DOat30ft>
		<Temperatureat30ft>56.16</Temperatureat30ft>
		<DOSatat30ft>86.7</DOSatat30ft>
		<DOat36ft>8.81</DOat36ft>
		<Temperatureat36ft>56.23</Temperatureat36ft>
		<DOSatat36ft>84.4</DOSatat36ft>
		<DOat43ft>9.06</DOat43ft>
		<Temperatureat43ft>56.17</Temperatureat43ft>
		<DOSatat43ft>86.8</DOSatat43ft>
		<DOat49ft>8.96</DOat49ft>
		<Temperatureat49ft>56.19</Temperatureat49ft>
		<DOSatat49ft>85.9</DOSatat49ft>
		<DOat56ft>9.03</DOat56ft>
		<Temperatureat56ft>56.21</Temperatureat56ft>
		<DOSatat56ft>86.6</DOSatat56ft>
		<DOat62ft>8.84</DOat62ft>
		<Temperatureat62ft>56.1</Temperatureat62ft>
		<DOSatat62ft>84.6</DOSatat62ft>
		<DOat69ft/>
		<Temperatureat69ft/>
		<DOSatat69ft/>
		<DOat75ft>9.02</DOat75ft>
		<Temperatureat75ft>56.21</Temperatureat75ft>
		<DOSatat75ft>86.5</DOSatat75ft>
		<DOat82ft>-0.07</DOat82ft>
		<Temperatureat82ft>55.85</Temperatureat82ft>
		<DOSatat82ft>-0.7</DOSatat82ft>
		<Voltage/>
	</post><post>
		<ID>21035</ID>
		<Date>1508921400</Date>
		<Order>0</Order>
		<AirTemperature/>
		<RelativeHumidity/>
		<BarometricPressure/>
		<WindSpeed/>
		<WindDirection/>
		<DailyRain/>
		<SurfaceTemperature>56.03</SurfaceTemperature>
		<Conductivity>460</Conductivity>
		<pH>8.46</pH>
		<DOSatSurface>88.8</DOSatSurface>
		<DOatSurface>9.28</DOatSurface>
		<CarbonDioxide>-499.7</CarbonDioxide>
		<DOat10ft>9.09</DOat10ft>
		<Temperatureat10ft>56.21</Temperatureat10ft>
		<DOSatat10ft>87.2</DOSatat10ft>
		<DOat16ft>9.15</DOat16ft>
		<Temperatureat16ft>56.23</Temperatureat16ft>
		<DOSatat16ft>87.7</DOSatat16ft>
		<DOat23ft>8.68</DOat23ft>
		<Temperatureat23ft>56.17</Temperatureat23ft>
		<DOSatat23ft>83.1</DOSatat23ft>
		<DOat30ft>9.08</DOat30ft>
		<Temperatureat30ft>56.12</Temperatureat30ft>
		<DOSatat30ft>87</DOSatat30ft>
		<DOat36ft>8.86</DOat36ft>
		<Temperatureat36ft>56.23</Temperatureat36ft>
		<DOSatat36ft>85</DOSatat36ft>
		<DOat43ft>9.05</DOat43ft>
		<Temperatureat43ft>56.17</Temperatureat43ft>
		<DOSatat43ft>86.7</DOSatat43ft>
		<DOat49ft>8.98</DOat49ft>
		<Temperatureat49ft>56.19</Temperatureat49ft>
		<DOSatat49ft>86.1</DOSatat49ft>
		<DOat56ft>9.04</DOat56ft>
		<Temperatureat56ft>56.21</Temperatureat56ft>
		<DOSatat56ft>86.7</DOSatat56ft>
		<DOat62ft>8.87</DOat62ft>
		<Temperatureat62ft>56.08</Temperatureat62ft>
		<DOSatat62ft>84.9</DOSatat62ft>
		<DOat69ft/>
		<Temperatureat69ft/>
		<DOSatat69ft/>
		<DOat75ft>9.03</DOat75ft>
		<Temperatureat75ft>56.19</Temperatureat75ft>
		<DOSatat75ft>86.5</DOSatat75ft>
		<DOat82ft>-0.07</DOat82ft>
		<Temperatureat82ft>55.81</Temperatureat82ft>
		<DOSatat82ft>-0.7</DOSatat82ft>
		<Voltage/>
	</post><post>
		<ID>21036</ID>
		<Date>1508920800</Date>
		<Order>0</Order>
		<AirTemperature/>
		<RelativeHumidity/>
		<BarometricPressure/>
		<WindSpeed/>
		<WindDirection/>
		<DailyRain/>
		<SurfaceTemperature>56.1</SurfaceTemperature>
		<Conductivity>459</Conductivity>
		<pH>8.46</pH>
		<DOSatSurface>88.7</DOSatSurface>
		<DOatSurface>9.26</DOatSurface>
		<CarbonDioxide>-499.8</CarbonDioxide>
		<DOat10ft>9.11</DOat10ft>
		<Temperatureat10ft>56.23</Temperatureat10ft>
		<DOSatat10ft>87.3</DOSatat10ft>
		<DOat16ft>9.14</DOat16ft>
		<Temperatureat16ft>56.25</Temperatureat16ft>
		<DOSatat16ft>87.6</DOSatat16ft>
		<DOat23ft>8.69</DOat23ft>
		<Temperatureat23ft>56.21</Temperatureat23ft>
		<DOSatat23ft>83.3</DOSatat23ft>
		<DOat30ft>9.08</DOat30ft>
		<Temperatureat30ft>56.17</Temperatureat30ft>
		<DOSatat30ft>87</DOSatat30ft>
		<DOat36ft>8.87</DOat36ft>
		<Temperatureat36ft>56.23</Temperatureat36ft>
		<DOSatat36ft>85</DOSatat36ft>
		<DOat43ft>9.06</DOat43ft>
		<Temperatureat43ft>56.19</Temperatureat43ft>
		<DOSatat43ft>86.8</DOSatat43ft>
		<DOat49ft>8.94</DOat49ft>
		<Temperatureat49ft>56.21</Temperatureat49ft>
		<DOSatat49ft>85.7</DOSatat49ft>
		<DOat56ft>9.02</DOat56ft>
		<Temperatureat56ft>56.21</Temperatureat56ft>
		<DOSatat56ft>86.5</DOSatat56ft>
		<DOat62ft>8.83</DOat62ft>
		<Temperatureat62ft>56.08</Temperatureat62ft>
		<DOSatat62ft>84.5</DOSatat62ft>
		<DOat69ft/>
		<Temperatureat69ft/>
		<DOSatat69ft/>
		<DOat75ft>9.05</DOat75ft>
		<Temperatureat75ft>56.17</Temperatureat75ft>
		<DOSatat75ft>86.7</DOSatat75ft>
		<DOat82ft>-0.07</DOat82ft>
		<Temperatureat82ft>55.78</Temperatureat82ft>
		<DOSatat82ft>-0.6</DOSatat82ft>
		<Voltage/>
	</post><post>
		<ID>21037</ID>
		<Date>1508920200</Date>
		<Order>0</Order>
		<AirTemperature/>
		<RelativeHumidity/>
		<BarometricPressure/>
		<WindSpeed/>
		<WindDirection/>
		<DailyRain/>
		<SurfaceTemperature>56.07</SurfaceTemperature>
		<Conductivity>459</Conductivity>
		<pH>8.46</pH>
		<DOSatSurface>88.7</DOSatSurface>
		<DOatSurface>9.26</DOatSurface>
		<CarbonDioxide>-499.7</CarbonDioxide>
		<DOat10ft>9.11</DOat10ft>
		<Temperatureat10ft>56.23</Temperatureat10ft>
		<DOSatat10ft>87.4</DOSatat10ft>
		<DOat16ft>9.12</DOat16ft>
		<Temperatureat16ft>56.25</Temperatureat16ft>
		<DOSatat16ft>87.5</DOSatat16ft>
		<DOat23ft>8.76</DOat23ft>
		<Temperatureat23ft>56.21</Temperatureat23ft>
		<DOSatat23ft>84</DOSatat23ft>
		<DOat30ft>9.07</DOat30ft>
		<Temperatureat30ft>56.17</Temperatureat30ft>
		<DOSatat30ft>86.9</DOSatat30ft>
		<DOat36ft>8.81</DOat36ft>
		<Temperatureat36ft>56.23</Temperatureat36ft>
		<DOSatat36ft>84.5</DOSatat36ft>
		<DOat43ft>9.04</DOat43ft>
		<Temperatureat43ft>56.19</Temperatureat43ft>
		<DOSatat43ft>86.7</DOSatat43ft>
		<DOat49ft>8.94</DOat49ft>
		<Temperatureat49ft>56.21</Temperatureat49ft>
		<DOSatat49ft>85.7</DOSatat49ft>
		<DOat56ft>9.02</DOat56ft>
		<Temperatureat56ft>56.21</Temperatureat56ft>
		<DOSatat56ft>86.5</DOSatat56ft>
		<DOat62ft>8.84</DOat62ft>
		<Temperatureat62ft>56.1</Temperatureat62ft>
		<DOSatat62ft>84.7</DOSatat62ft>
		<DOat69ft/>
		<Temperatureat69ft/>
		<DOSatat69ft/>
		<DOat75ft>9.04</DOat75ft>
		<Temperatureat75ft>56.14</Temperatureat75ft>
		<DOSatat75ft>86.6</DOSatat75ft>
		<DOat82ft>-0.07</DOat82ft>
		<Temperatureat82ft>55.81</Temperatureat82ft>
		<DOSatat82ft>-0.6</DOSatat82ft>
		<Voltage/>
	</post><post>
		<ID>21038</ID>
		<Date>1508919600</Date>
		<Order>0</Order>
		<AirTemperature/>
		<RelativeHumidity/>
		<BarometricPressure/>
		<WindSpeed/>
		<WindDirection/>
		<DailyRain/>
		<SurfaceTemperature>56.07</SurfaceTemperature>
		<Conductivity>459</Conductivity>
		<pH>8.46</pH>
		<DOSatSurface>88.7</DOSatSurface>
		<DOatSurface>9.26</DOatSurface>
		<CarbonDioxide>-499.7</CarbonDioxide>
		<DOat10ft>9.11</DOat10ft>
		<Temperatureat10ft>56.23</Temperatureat10ft>
		<DOSatat10ft>87.4</DOSatat10ft>
		<DOat16ft>9.18</DOat16ft>
		<Temperatureat16ft>56.25</Temperatureat16ft>
		<DOSatat16ft>88.1</DOSatat16ft>
		<DOat23ft>8.79</DOat23ft>
		<Temperatureat23ft>56.21</Temperatureat23ft>
		<DOSatat23ft>84.3</DOSatat23ft>
		<DOat30ft>9.07</DOat30ft>
		<Temperatureat30ft>56.19</Temperatureat30ft>
		<DOSatat30ft>86.9</DOSatat30ft>
		<DOat36ft>8.82</DOat36ft>
		<Temperatureat36ft>56.23</Temperatureat36ft>
		<DOSatat36ft>84.6</DOSatat36ft>
		<DOat43ft>9.03</DOat43ft>
		<Temperatureat43ft>56.19</Temperatureat43ft>
		<DOSatat43ft>86.6</DOSatat43ft>
		<DOat49ft>8.93</DOat49ft>
		<Temperatureat49ft>56.23</Temperatureat49ft>
		<DOSatat49ft>85.6</DOSatat49ft>
		<DOat56ft>9</DOat56ft>
		<Temperatureat56ft>56.25</Temperatureat56ft>
		<DOSatat56ft>86.3</DOSatat56ft>
		<DOat62ft>8.83</DOat62ft>
		<Temperatureat62ft>56.1</Temperatureat62ft>
		<DOSatat62ft>84.6</DOSatat62ft>
		<DOat69ft/>
		<Temperatureat69ft/>
		<DOSatat69ft/>
		<DOat75ft>9.02</DOat75ft>
		<Temperatureat75ft>56.23</Temperatureat75ft>
		<DOSatat75ft>86.4</DOSatat75ft>
		<DOat82ft>-0.07</DOat82ft>
		<Temperatureat82ft>55.81</Temperatureat82ft>
		<DOSatat82ft>-0.6</DOSatat82ft>
		<Voltage/>
	</post><post>
		<ID>21039</ID>
		<Date>1508923800</Date>
		<Order>0</Order>
		<AirTemperature/>
		<RelativeHumidity/>
		<BarometricPressure/>
		<WindSpeed/>
		<WindDirection/>
		<DailyRain/>
		<SurfaceTemperature/>
		<Conductivity/>
		<pH/>
		<DOSatSurface/>
		<DOatSurface/>
		<CarbonDioxide>-499.9</CarbonDioxide>
		<DOat10ft>8.99</DOat10ft>
		<Temperatureat10ft>56.23</Temperatureat10ft>
		<DOSatat10ft>86.2</DOSatat10ft>
		<DOat16ft>9.16</DOat16ft>
		<Temperatureat16ft>56.23</Temperatureat16ft>
		<DOSatat16ft>87.8</DOSatat16ft>
		<DOat23ft>8.62</DOat23ft>
		<Temperatureat23ft>56.19</Temperatureat23ft>
		<DOSatat23ft>82.6</DOSatat23ft>
		<DOat30ft>9.05</DOat30ft>
		<Temperatureat30ft>56.16</Temperatureat30ft>
		<DOSatat30ft>86.7</DOSatat30ft>
		<DOat36ft>8.82</DOat36ft>
		<Temperatureat36ft>56.21</Temperatureat36ft>
		<DOSatat36ft>84.6</DOSatat36ft>
		<DOat43ft>9.05</DOat43ft>
		<Temperatureat43ft>56.17</Temperatureat43ft>
		<DOSatat43ft>86.7</DOSatat43ft>
		<DOat49ft>8.94</DOat49ft>
		<Temperatureat49ft>56.17</Temperatureat49ft>
		<DOSatat49ft>85.7</DOSatat49ft>
		<DOat56ft>9.01</DOat56ft>
		<Temperatureat56ft>56.21</Temperatureat56ft>
		<DOSatat56ft>86.3</DOSatat56ft>
		<DOat62ft>8.85</DOat62ft>
		<Temperatureat62ft>56.08</Temperatureat62ft>
		<DOSatat62ft>84.7</DOSatat62ft>
		<DOat69ft/>
		<Temperatureat69ft/>
		<DOSatat69ft/>
		<DOat75ft>9.03</DOat75ft>
		<Temperatureat75ft>56.19</Temperatureat75ft>
		<DOSatat75ft>86.6</DOSatat75ft>
		<DOat82ft>-0.07</DOat82ft>
		<Temperatureat82ft>55.89</Temperatureat82ft>
		<DOSatat82ft>-0.7</DOSatat82ft>
		<Voltage/>
	</post><post>
		<ID>21040</ID>
		<Date>1508923200</Date>
		<Order>0</Order>
		<AirTemperature/>
		<RelativeHumidity/>
		<BarometricPressure/>
		<WindSpeed/>
		<WindDirection/>
		<DailyRain/>
		<SurfaceTemperature/>
		<Conductivity/>
		<pH/>
		<DOSatSurface/>
		<DOatSurface/>
		<CarbonDioxide>-499.9</CarbonDioxide>
		<DOat10ft>9.01</DOat10ft>
		<Temperatureat10ft>56.23</Temperatureat10ft>
		<DOSatat10ft>86.4</DOSatat10ft>
		<DOat16ft>9.16</DOat16ft>
		<Temperatureat16ft>56.23</Temperatureat16ft>
		<DOSatat16ft>87.8</DOSatat16ft>
		<DOat23ft>8.66</DOat23ft>
		<Temperatureat23ft>56.21</Temperatureat23ft>
		<DOSatat23ft>83</DOSatat23ft>
		<DOat30ft>9.05</DOat30ft>
		<Temperatureat30ft>56.16</Temperatureat30ft>
		<DOSatat30ft>86.7</DOSatat30ft>
		<DOat36ft>8.81</DOat36ft>
		<Temperatureat36ft>56.23</Temperatureat36ft>
		<DOSatat36ft>84.5</DOSatat36ft>
		<DOat43ft>9.04</DOat43ft>
		<Temperatureat43ft>56.17</Temperatureat43ft>
		<DOSatat43ft>86.6</DOSatat43ft>
		<DOat49ft>8.93</DOat49ft>
		<Temperatureat49ft>56.17</Temperatureat49ft>
		<DOSatat49ft>85.6</DOSatat49ft>
		<DOat56ft>9</DOat56ft>
		<Temperatureat56ft>56.17</Temperatureat56ft>
		<DOSatat56ft>86.2</DOSatat56ft>
		<DOat62ft>8.83</DOat62ft>
		<Temperatureat62ft>56.08</Temperatureat62ft>
		<DOSatat62ft>84.5</DOSatat62ft>
		<DOat69ft/>
		<Temperatureat69ft/>
		<DOSatat69ft/>
		<DOat75ft>9.03</DOat75ft>
		<Temperatureat75ft>56.19</Temperatureat75ft>
		<DOSatat75ft>86.6</DOSatat75ft>
		<DOat82ft>-0.07</DOat82ft>
		<Temperatureat82ft>55.85</Temperatureat82ft>
		<DOSatat82ft>-0.7</DOSatat82ft>
		<Voltage/>
	</post><post>
		<ID>21041</ID>
		<Date>1508922600</Date>
		<Order>0</Order>
		<AirTemperature/>
		<RelativeHumidity/>
		<BarometricPressure/>
		<WindSpeed/>
		<WindDirection/>
		<DailyRain/>
		<SurfaceTemperature/>
		<Conductivity/>
		<pH/>
		<DOSatSurface/>
		<DOatSurface/>
		<CarbonDioxide>-499.9</CarbonDioxide>
		<DOat10ft>9.08</DOat10ft>
		<Temperatureat10ft>56.23</Temperatureat10ft>
		<DOSatat10ft>87.1</DOSatat10ft>
		<DOat16ft>9.15</DOat16ft>
		<Temperatureat16ft>56.23</Temperatureat16ft>
		<DOSatat16ft>87.8</DOSatat16ft>
		<DOat23ft>8.67</DOat23ft>
		<Temperatureat23ft>56.19</Temperatureat23ft>
		<DOSatat23ft>83.1</DOSatat23ft>
		<DOat30ft>9.06</DOat30ft>
		<Temperatureat30ft>56.16</Temperatureat30ft>
		<DOSatat30ft>86.8</DOSatat30ft>
		<DOat36ft>8.83</DOat36ft>
		<Temperatureat36ft>56.23</Temperatureat36ft>
		<DOSatat36ft>84.7</DOSatat36ft>
		<DOat43ft>9.06</DOat43ft>
		<Temperatureat43ft>56.17</Temperatureat43ft>
		<DOSatat43ft>86.8</DOSatat43ft>
		<DOat49ft>8.95</DOat49ft>
		<Temperatureat49ft>56.17</Temperatureat49ft>
		<DOSatat49ft>85.7</DOSatat49ft>
		<DOat56ft>9.02</DOat56ft>
		<Temperatureat56ft>56.21</Temperatureat56ft>
		<DOSatat56ft>86.5</DOSatat56ft>
		<DOat62ft>8.84</DOat62ft>
		<Temperatureat62ft>56.08</Temperatureat62ft>
		<DOSatat62ft>84.6</DOSatat62ft>
		<DOat69ft/>
		<Temperatureat69ft/>
		<DOSatat69ft/>
		<DOat75ft>9.02</DOat75ft>
		<Temperatureat75ft>56.21</Temperatureat75ft>
		<DOSatat75ft>86.5</DOSatat75ft>
		<DOat82ft>-0.07</DOat82ft>
		<Temperatureat82ft>55.85</Temperatureat82ft>
		<DOSatat82ft>-0.7</DOSatat82ft>
		<Voltage/>
	</post><post>
		<ID>21042</ID>
		<Date>1508938200</Date>
		<Order>0</Order>
		<AirTemperature/>
		<RelativeHumidity/>
		<BarometricPressure/>
		<WindSpeed/>
		<WindDirection/>
		<DailyRain/>
		<SurfaceTemperature/>
		<Conductivity/>
		<pH/>
		<DOSatSurface/>
		<DOatSurface/>
		<CarbonDioxide>-499.9</CarbonDioxide>
		<DOat10ft>9.18</DOat10ft>
		<Temperatureat10ft>56.37</Temperatureat10ft>
		<DOSatat10ft>88.2</DOSatat10ft>
		<DOat16ft>9.17</DOat16ft>
		<Temperatureat16ft>56.32</Temperatureat16ft>
		<DOSatat16ft>88</DOSatat16ft>
		<DOat23ft>8.51</DOat23ft>
		<Temperatureat23ft>56.25</Temperatureat23ft>
		<DOSatat23ft>81.6</DOSatat23ft>
		<DOat30ft>9.1</DOat30ft>
		<Temperatureat30ft>56.21</Temperatureat30ft>
		<DOSatat30ft>87.2</DOSatat30ft>
		<DOat36ft>8.84</DOat36ft>
		<Temperatureat36ft>56.26</Temperatureat36ft>
		<DOSatat36ft>84.8</DOSatat36ft>
		<DOat43ft>9.1</DOat43ft>
		<Temperatureat43ft>56.21</Temperatureat43ft>
		<DOSatat43ft>87.3</DOSatat43ft>
		<DOat49ft>8.98</DOat49ft>
		<Temperatureat49ft>56.21</Temperatureat49ft>
		<DOSatat49ft>86.1</DOSatat49ft>
		<DOat56ft>9.03</DOat56ft>
		<Temperatureat56ft>56.23</Temperatureat56ft>
		<DOSatat56ft>86.6</DOSatat56ft>
		<DOat62ft>8.8</DOat62ft>
		<Temperatureat62ft>55.83</Temperatureat62ft>
		<DOSatat62ft>84</DOSatat62ft>
		<DOat69ft/>
		<Temperatureat69ft/>
		<DOSatat69ft/>
		<DOat75ft>8.94</DOat75ft>
		<Temperatureat75ft>55.81</Temperatureat75ft>
		<DOSatat75ft>85.3</DOSatat75ft>
		<DOat82ft>-0.07</DOat82ft>
		<Temperatureat82ft>55.76</Temperatureat82ft>
		<DOSatat82ft>-0.7</DOSatat82ft>
		<Voltage/>
	</post><post>
		<ID>21043</ID>
		<Date>1508937600</Date>
		<Order>0</Order>
		<AirTemperature/>
		<RelativeHumidity/>
		<BarometricPressure/>
		<WindSpeed/>
		<WindDirection/>
		<DailyRain/>
		<SurfaceTemperature/>
		<Conductivity/>
		<pH/>
		<DOSatSurface/>
		<DOatSurface/>
		<CarbonDioxide>-499.9</CarbonDioxide>
		<DOat10ft>9.15</DOat10ft>
		<Temperatureat10ft>56.34</Temperatureat10ft>
		<DOSatat10ft>87.9</DOSatat10ft>
		<DOat16ft>9.18</DOat16ft>
		<Temperatureat16ft>56.3</Temperatureat16ft>
		<DOSatat16ft>88.1</DOSatat16ft>
		<DOat23ft>8.56</DOat23ft>
		<Temperatureat23ft>56.25</Temperatureat23ft>
		<DOSatat23ft>82.1</DOSatat23ft>
		<DOat30ft>9.11</DOat30ft>
		<Temperatureat30ft>56.21</Temperatureat30ft>
		<DOSatat30ft>87.3</DOSatat30ft>
		<DOat36ft>8.86</DOat36ft>
		<Temperatureat36ft>56.26</Temperatureat36ft>
		<DOSatat36ft>85</DOSatat36ft>
		<DOat43ft>9.12</DOat43ft>
		<Temperatureat43ft>56.21</Temperatureat43ft>
		<DOSatat43ft>87.4</DOSatat43ft>
		<DOat49ft>9</DOat49ft>
		<Temperatureat49ft>56.21</Temperatureat49ft>
		<DOSatat49ft>86.3</DOSatat49ft>
		<DOat56ft>9.06</DOat56ft>
		<Temperatureat56ft>56.23</Temperatureat56ft>
		<DOSatat56ft>86.9</DOSatat56ft>
		<DOat62ft>8.8</DOat62ft>
		<Temperatureat62ft>55.83</Temperatureat62ft>
		<DOSatat62ft>84</DOSatat62ft>
		<DOat69ft/>
		<Temperatureat69ft/>
		<DOSatat69ft/>
		<DOat75ft>8.98</DOat75ft>
		<Temperatureat75ft>55.8</Temperatureat75ft>
		<DOSatat75ft>85.6</DOSatat75ft>
		<DOat82ft>-0.07</DOat82ft>
		<Temperatureat82ft>55.76</Temperatureat82ft>
		<DOSatat82ft>-0.7</DOSatat82ft>
		<Voltage/>
	</post><post>
		<ID>21044</ID>
		<Date>1508937000</Date>
		<Order>0</Order>
		<AirTemperature/>
		<RelativeHumidity/>
		<BarometricPressure/>
		<WindSpeed/>
		<WindDirection/>
		<DailyRain/>
		<SurfaceTemperature/>
		<Conductivity/>
		<pH/>
		<DOSatSurface/>
		<DOatSurface/>
		<CarbonDioxide>-499.9</CarbonDioxide>
		<DOat10ft>9.13</DOat10ft>
		<Temperatureat10ft>56.35</Temperatureat10ft>
		<DOSatat10ft>87.7</DOSatat10ft>
		<DOat16ft>9.1</DOat16ft>
		<Temperatureat16ft>56.32</Temperatureat16ft>
		<DOSatat16ft>87.4</DOSatat16ft>
		<DOat23ft>8.61</DOat23ft>
		<Temperatureat23ft>56.25</Temperatureat23ft>
		<DOSatat23ft>82.6</DOSatat23ft>
		<DOat30ft>9.09</DOat30ft>
		<Temperatureat30ft>56.21</Temperatureat30ft>
		<DOSatat30ft>87.2</DOSatat30ft>
		<DOat36ft>8.85</DOat36ft>
		<Temperatureat36ft>56.25</Temperatureat36ft>
		<DOSatat36ft>84.8</DOSatat36ft>
		<DOat43ft>9.1</DOat43ft>
		<Temperatureat43ft>56.21</Temperatureat43ft>
		<DOSatat43ft>87.2</DOSatat43ft>
		<DOat49ft>8.96</DOat49ft>
		<Temperatureat49ft>56.23</Temperatureat49ft>
		<DOSatat49ft>85.9</DOSatat49ft>
		<DOat56ft>9.01</DOat56ft>
		<Temperatureat56ft>56.21</Temperatureat56ft>
		<DOSatat56ft>86.4</DOSatat56ft>
		<DOat62ft>8.79</DOat62ft>
		<Temperatureat62ft>55.83</Temperatureat62ft>
		<DOSatat62ft>83.9</DOSatat62ft>
		<DOat69ft/>
		<Temperatureat69ft/>
		<DOSatat69ft/>
		<DOat75ft>8.93</DOat75ft>
		<Temperatureat75ft>55.78</Temperatureat75ft>
		<DOSatat75ft>85.1</DOSatat75ft>
		<DOat82ft>-0.07</DOat82ft>
		<Temperatureat82ft>55.78</Temperatureat82ft>
		<DOSatat82ft>-0.7</DOSatat82ft>
		<Voltage/>
	</post><post>
		<ID>21045</ID>
		<Date>1508936400</Date>
		<Order>0</Order>
		<AirTemperature/>
		<RelativeHumidity/>
		<BarometricPressure/>
		<WindSpeed/>
		<WindDirection/>
		<DailyRain/>
		<SurfaceTemperature/>
		<Conductivity/>
		<pH/>
		<DOSatSurface/>
		<DOatSurface/>
		<CarbonDioxide>-499.9</CarbonDioxide>
		<DOat10ft>9.14</DOat10ft>
		<Temperatureat10ft>56.35</Temperatureat10ft>
		<DOSatat10ft>87.8</DOSatat10ft>
		<DOat16ft>9.19</DOat16ft>
		<Temperatureat16ft>56.34</Temperatureat16ft>
		<DOSatat16ft>88.2</DOSatat16ft>
		<DOat23ft>8.71</DOat23ft>
		<Temperatureat23ft>56.25</Temperatureat23ft>
		<DOSatat23ft>83.6</DOSatat23ft>
		<DOat30ft>9.07</DOat30ft>
		<Temperatureat30ft>56.21</Temperatureat30ft>
		<DOSatat30ft>87</DOSatat30ft>
		<DOat36ft>8.83</DOat36ft>
		<Temperatureat36ft>56.25</Temperatureat36ft>
		<DOSatat36ft>84.7</DOSatat36ft>
		<DOat43ft>9.09</DOat43ft>
		<Temperatureat43ft>56.21</Temperatureat43ft>
		<DOSatat43ft>87.1</DOSatat43ft>
		<DOat49ft>8.95</DOat49ft>
		<Temperatureat49ft>56.23</Temperatureat49ft>
		<DOSatat49ft>85.8</DOSatat49ft>
		<DOat56ft>9</DOat56ft>
		<Temperatureat56ft>56.21</Temperatureat56ft>
		<DOSatat56ft>86.3</DOSatat56ft>
		<DOat62ft>8.8</DOat62ft>
		<Temperatureat62ft>55.83</Temperatureat62ft>
		<DOSatat62ft>84</DOSatat62ft>
		<DOat69ft/>
		<Temperatureat69ft/>
		<DOSatat69ft/>
		<DOat75ft>8.97</DOat75ft>
		<Temperatureat75ft>55.76</Temperatureat75ft>
		<DOSatat75ft>85.5</DOSatat75ft>
		<DOat82ft>-0.07</DOat82ft>
		<Temperatureat82ft>55.78</Temperatureat82ft>
		<DOSatat82ft>-0.7</DOSatat82ft>
		<Voltage/>
	</post><post>
		<ID>21046</ID>
		<Date>1508935800</Date>
		<Order>0</Order>
		<AirTemperature/>
		<RelativeHumidity/>
		<BarometricPressure/>
		<WindSpeed/>
		<WindDirection/>
		<DailyRain/>
		<SurfaceTemperature/>
		<Conductivity/>
		<pH/>
		<DOSatSurface/>
		<DOatSurface/>
		<CarbonDioxide>-499.9</CarbonDioxide>
		<DOat10ft>9.09</DOat10ft>
		<Temperatureat10ft>56.34</Temperatureat10ft>
		<DOSatat10ft>87.2</DOSatat10ft>
		<DOat16ft>9.17</DOat16ft>
		<Temperatureat16ft>56.32</Temperatureat16ft>
		<DOSatat16ft>88</DOSatat16ft>
		<DOat23ft>8.94</DOat23ft>
		<Temperatureat23ft>56.25</Temperatureat23ft>
		<DOSatat23ft>85.8</DOSatat23ft>
		<DOat30ft>9.08</DOat30ft>
		<Temperatureat30ft>56.21</Temperatureat30ft>
		<DOSatat30ft>87.1</DOSatat30ft>
		<DOat36ft>8.86</DOat36ft>
		<Temperatureat36ft>56.23</Temperatureat36ft>
		<DOSatat36ft>84.9</DOSatat36ft>
		<DOat43ft>9.08</DOat43ft>
		<Temperatureat43ft>56.21</Temperatureat43ft>
		<DOSatat43ft>87.1</DOSatat43ft>
		<DOat49ft>8.96</DOat49ft>
		<Temperatureat49ft>56.21</Temperatureat49ft>
		<DOSatat49ft>85.9</DOSatat49ft>
		<DOat56ft>9.03</DOat56ft>
		<Temperatureat56ft>56.21</Temperatureat56ft>
		<DOSatat56ft>86.6</DOSatat56ft>
		<DOat62ft>8.81</DOat62ft>
		<Temperatureat62ft>55.89</Temperatureat62ft>
		<DOSatat62ft>84.2</DOSatat62ft>
		<DOat69ft/>
		<Temperatureat69ft/>
		<DOSatat69ft/>
		<DOat75ft>8.87</DOat75ft>
		<Temperatureat75ft>55.76</Temperatureat75ft>
		<DOSatat75ft>84.5</DOSatat75ft>
		<DOat82ft>-0.07</DOat82ft>
		<Temperatureat82ft>55.78</Temperatureat82ft>
		<DOSatat82ft>-0.7</DOSatat82ft>
		<Voltage/>
	</post><post>
		<ID>21047</ID>
		<Date>1508938800</Date>
		<Order>0</Order>
		<AirTemperature/>
		<RelativeHumidity/>
		<BarometricPressure/>
		<WindSpeed/>
		<WindDirection/>
		<DailyRain/>
		<SurfaceTemperature/>
		<Conductivity/>
		<pH/>
		<DOSatSurface/>
		<DOatSurface/>
		<CarbonDioxide>-499.9</CarbonDioxide>
		<DOat10ft>9.2</DOat10ft>
		<Temperatureat10ft>56.32</Temperatureat10ft>
		<DOSatat10ft>88.3</DOSatat10ft>
		<DOat16ft>9.2</DOat16ft>
		<Temperatureat16ft>56.32</Temperatureat16ft>
		<DOSatat16ft>88.3</DOSatat16ft>
		<DOat23ft>8.56</DOat23ft>
		<Temperatureat23ft>56.25</Temperatureat23ft>
		<DOSatat23ft>82.1</DOSatat23ft>
		<DOat30ft>9.12</DOat30ft>
		<Temperatureat30ft>56.21</Temperatureat30ft>
		<DOSatat30ft>87.4</DOSatat30ft>
		<DOat36ft>8.89</DOat36ft>
		<Temperatureat36ft>56.25</Temperatureat36ft>
		<DOSatat36ft>85.3</DOSatat36ft>
		<DOat43ft>9.14</DOat43ft>
		<Temperatureat43ft>56.21</Temperatureat43ft>
		<DOSatat43ft>87.7</DOSatat43ft>
		<DOat49ft>8.99</DOat49ft>
		<Temperatureat49ft>56.21</Temperatureat49ft>
		<DOSatat49ft>86.2</DOSatat49ft>
		<DOat56ft>9.06</DOat56ft>
		<Temperatureat56ft>56.21</Temperatureat56ft>
		<DOSatat56ft>86.8</DOSatat56ft>
		<DOat62ft>8.81</DOat62ft>
		<Temperatureat62ft>55.83</Temperatureat62ft>
		<DOSatat62ft>84.1</DOSatat62ft>
		<DOat69ft/>
		<Temperatureat69ft/>
		<DOSatat69ft/>
		<DOat75ft>9</DOat75ft>
		<Temperatureat75ft>55.87</Temperatureat75ft>
		<DOSatat75ft>85.9</DOSatat75ft>
		<DOat82ft>-0.07</DOat82ft>
		<Temperatureat82ft>55.74</Temperatureat82ft>
		<DOSatat82ft>-0.7</DOSatat82ft>
		<Voltage/>
	</post><post>
		<ID>21048</ID>
		<Date>1508939400</Date>
		<Order>0</Order>
		<AirTemperature/>
		<RelativeHumidity/>
		<BarometricPressure/>
		<WindSpeed/>
		<WindDirection/>
		<DailyRain/>
		<SurfaceTemperature/>
		<Conductivity/>
		<pH/>
		<DOSatSurface/>
		<DOatSurface/>
		<CarbonDioxide>-499.9</CarbonDioxide>
		<DOat10ft>9.21</DOat10ft>
		<Temperatureat10ft>56.37</Temperatureat10ft>
		<DOSatat10ft>88.4</DOSatat10ft>
		<DOat16ft>9.21</DOat16ft>
		<Temperatureat16ft>56.3</Temperatureat16ft>
		<DOSatat16ft>88.4</DOSatat16ft>
		<DOat23ft>8.64</DOat23ft>
		<Temperatureat23ft>56.23</Temperatureat23ft>
		<DOSatat23ft>82.9</DOSatat23ft>
		<DOat30ft>9.12</DOat30ft>
		<Temperatureat30ft>56.21</Temperatureat30ft>
		<DOSatat30ft>87.5</DOSatat30ft>
		<DOat36ft>8.85</DOat36ft>
		<Temperatureat36ft>56.23</Temperatureat36ft>
		<DOSatat36ft>84.9</DOSatat36ft>
		<DOat43ft>9.13</DOat43ft>
		<Temperatureat43ft>56.21</Temperatureat43ft>
		<DOSatat43ft>87.5</DOSatat43ft>
		<DOat49ft>9.01</DOat49ft>
		<Temperatureat49ft>56.21</Temperatureat49ft>
		<DOSatat49ft>86.4</DOSatat49ft>
		<DOat56ft>9.06</DOat56ft>
		<Temperatureat56ft>56.21</Temperatureat56ft>
		<DOSatat56ft>86.8</DOSatat56ft>
		<DOat62ft>8.81</DOat62ft>
		<Temperatureat62ft>55.83</Temperatureat62ft>
		<DOSatat62ft>84</DOSatat62ft>
		<DOat69ft/>
		<Temperatureat69ft/>
		<DOSatat69ft/>
		<DOat75ft>9</DOat75ft>
		<Temperatureat75ft>55.85</Temperatureat75ft>
		<DOSatat75ft>85.9</DOSatat75ft>
		<DOat82ft>-0.07</DOat82ft>
		<Temperatureat82ft>55.72</Temperatureat82ft>
		<DOSatat82ft>-0.7</DOSatat82ft>
		<Voltage/>
	</post><post>
		<ID>21049</ID>
		<Date>1508940000</Date>
		<Order>0</Order>
		<AirTemperature/>
		<RelativeHumidity/>
		<BarometricPressure/>
		<WindSpeed/>
		<WindDirection/>
		<DailyRain/>
		<SurfaceTemperature/>
		<Conductivity/>
		<pH/>
		<DOSatSurface/>
		<DOatSurface/>
		<CarbonDioxide>-499.9</CarbonDioxide>
		<DOat10ft>9.24</DOat10ft>
		<Temperatureat10ft>56.44</Temperatureat10ft>
		<DOSatat10ft>88.8</DOSatat10ft>
		<DOat16ft>9.25</DOat16ft>
		<Temperatureat16ft>56.37</Temperatureat16ft>
		<DOSatat16ft>88.8</DOSatat16ft>
		<DOat23ft>8.62</DOat23ft>
		<Temperatureat23ft>56.25</Temperatureat23ft>
		<DOSatat23ft>82.7</DOSatat23ft>
		<DOat30ft>9.13</DOat30ft>
		<Temperatureat30ft>56.21</Temperatureat30ft>
		<DOSatat30ft>87.6</DOSatat30ft>
		<DOat36ft>8.88</DOat36ft>
		<Temperatureat36ft>56.26</Temperatureat36ft>
		<DOSatat36ft>85.2</DOSatat36ft>
		<DOat43ft>9.14</DOat43ft>
		<Temperatureat43ft>56.21</Temperatureat43ft>
		<DOSatat43ft>87.6</DOSatat43ft>
		<DOat49ft>9.03</DOat49ft>
		<Temperatureat49ft>56.17</Temperatureat49ft>
		<DOSatat49ft>86.5</DOSatat49ft>
		<DOat56ft>9.11</DOat56ft>
		<Temperatureat56ft>56.17</Temperatureat56ft>
		<DOSatat56ft>87.3</DOSatat56ft>
		<DOat62ft>8.83</DOat62ft>
		<Temperatureat62ft>55.83</Temperatureat62ft>
		<DOSatat62ft>84.3</DOSatat62ft>
		<DOat69ft/>
		<Temperatureat69ft/>
		<DOSatat69ft/>
		<DOat75ft>9.04</DOat75ft>
		<Temperatureat75ft>55.9</Temperatureat75ft>
		<DOSatat75ft>86.3</DOSatat75ft>
		<DOat82ft>-0.07</DOat82ft>
		<Temperatureat82ft>55.71</Temperatureat82ft>
		<DOSatat82ft>-0.7</DOSatat82ft>
		<Voltage/>
	</post><post>
		<ID>21050</ID>
		<Date>1508950800</Date>
		<Order>0</Order>
		<AirTemperature/>
		<RelativeHumidity/>
		<BarometricPressure/>
		<WindSpeed/>
		<WindDirection/>
		<DailyRain/>
		<SurfaceTemperature/>
		<Conductivity/>
		<pH/>
		<DOSatSurface/>
		<DOatSurface/>
		<CarbonDioxide>-499.9</CarbonDioxide>
		<DOat10ft>9.29</DOat10ft>
		<Temperatureat10ft>56.52</Temperatureat10ft>
		<DOSatat10ft>89.4</DOSatat10ft>
		<DOat16ft>9.25</DOat16ft>
		<Temperatureat16ft>56.53</Temperatureat16ft>
		<DOSatat16ft>89.1</DOSatat16ft>
		<DOat23ft>8.64</DOat23ft>
		<Temperatureat23ft>56.48</Temperatureat23ft>
		<DOSatat23ft>83.1</DOSatat23ft>
		<DOat30ft>9.08</DOat30ft>
		<Temperatureat30ft>56.43</Temperatureat30ft>
		<DOSatat30ft>87.3</DOSatat30ft>
		<DOat36ft>8.81</DOat36ft>
		<Temperatureat36ft>56.23</Temperatureat36ft>
		<DOSatat36ft>84.5</DOSatat36ft>
		<DOat43ft>9.03</DOat43ft>
		<Temperatureat43ft>55.85</Temperatureat43ft>
		<DOSatat43ft>86.2</DOSatat43ft>
		<DOat49ft>8.9</DOat49ft>
		<Temperatureat49ft>55.81</Temperatureat49ft>
		<DOSatat49ft>84.9</DOSatat49ft>
		<DOat56ft>8.96</DOat56ft>
		<Temperatureat56ft>55.8</Temperatureat56ft>
		<DOSatat56ft>85.5</DOSatat56ft>
		<DOat62ft>8.79</DOat62ft>
		<Temperatureat62ft>55.67</Temperatureat62ft>
		<DOSatat62ft>83.7</DOSatat62ft>
		<DOat69ft/>
		<Temperatureat69ft/>
		<DOSatat69ft/>
		<DOat75ft>8.99</DOat75ft>
		<Temperatureat75ft>55.78</Temperatureat75ft>
		<DOSatat75ft>85.7</DOSatat75ft>
		<DOat82ft>-0.07</DOat82ft>
		<Temperatureat82ft>55.6</Temperatureat82ft>
		<DOSatat82ft>-0.7</DOSatat82ft>
		<Voltage/>
	</post><post>
		<ID>21051</ID>
		<Date>1508950200</Date>
		<Order>0</Order>
		<AirTemperature/>
		<RelativeHumidity/>
		<BarometricPressure/>
		<WindSpeed/>
		<WindDirection/>
		<DailyRain/>
		<SurfaceTemperature/>
		<Conductivity/>
		<pH/>
		<DOSatSurface/>
		<DOatSurface/>
		<CarbonDioxide>-499.8</CarbonDioxide>
		<DOat10ft>9.34</DOat10ft>
		<Temperatureat10ft>56.52</Temperatureat10ft>
		<DOSatat10ft>89.8</DOSatat10ft>
		<DOat16ft>9.26</DOat16ft>
		<Temperatureat16ft>56.55</Temperatureat16ft>
		<DOSatat16ft>89.1</DOSatat16ft>
		<DOat23ft>8.75</DOat23ft>
		<Temperatureat23ft>56.5</Temperatureat23ft>
		<DOSatat23ft>84.2</DOSatat23ft>
		<DOat30ft>9.09</DOat30ft>
		<Temperatureat30ft>56.32</Temperatureat30ft>
		<DOSatat30ft>87.2</DOSatat30ft>
		<DOat36ft>8.84</DOat36ft>
		<Temperatureat36ft>56.21</Temperatureat36ft>
		<DOSatat36ft>84.7</DOSatat36ft>
		<DOat43ft>9.03</DOat43ft>
		<Temperatureat43ft>55.83</Temperatureat43ft>
		<DOSatat43ft>86.2</DOSatat43ft>
		<DOat49ft>8.91</DOat49ft>
		<Temperatureat49ft>55.8</Temperatureat49ft>
		<DOSatat49ft>85</DOSatat49ft>
		<DOat56ft>8.96</DOat56ft>
		<Temperatureat56ft>55.8</Temperatureat56ft>
		<DOSatat56ft>85.4</DOSatat56ft>
		<DOat62ft>8.8</DOat62ft>
		<Temperatureat62ft>55.65</Temperatureat62ft>
		<DOSatat62ft>83.8</DOSatat62ft>
		<DOat69ft/>
		<Temperatureat69ft/>
		<DOSatat69ft/>
		<DOat75ft>9</DOat75ft>
		<Temperatureat75ft>55.74</Temperatureat75ft>
		<DOSatat75ft>85.8</DOSatat75ft>
		<DOat82ft>-0.07</DOat82ft>
		<Temperatureat82ft>55.6</Temperatureat82ft>
		<DOSatat82ft>-0.7</DOSatat82ft>
		<Voltage/>
	</post><post>
		<ID>21052</ID>
		<Date>1508949600</Date>
		<Order>0</Order>
		<AirTemperature/>
		<RelativeHumidity/>
		<BarometricPressure/>
		<WindSpeed/>
		<WindDirection/>
		<DailyRain/>
		<SurfaceTemperature/>
		<Conductivity/>
		<pH/>
		<DOSatSurface/>
		<DOatSurface/>
		<CarbonDioxide/>
		<DOat10ft/>
		<Temperatureat10ft/>
		<DOSatat10ft/>
		<DOat16ft/>
		<Temperatureat16ft>56.55</Temperatureat16ft>
		<DOSatat16ft>89.2</DOSatat16ft>
		<DOat23ft>8.71</DOat23ft>
		<Temperatureat23ft>56.5</Temperatureat23ft>
		<DOSatat23ft>83.8</DOSatat23ft>
		<DOat30ft>9.1</DOat30ft>
		<Temperatureat30ft/>
		<DOSatat30ft/>
		<DOat36ft/>
		<Temperatureat36ft/>
		<DOSatat36ft/>
		<DOat43ft/>
		<Temperatureat43ft/>
		<DOSatat43ft/>
		<DOat49ft/>
		<Temperatureat49ft/>
		<DOSatat49ft/>
		<DOat56ft/>
		<Temperatureat56ft/>
		<DOSatat56ft/>
		<DOat62ft/>
		<Temperatureat62ft/>
		<DOSatat62ft/>
		<DOat69ft/>
		<Temperatureat69ft/>
		<DOSatat69ft/>
		<DOat75ft/>
		<Temperatureat75ft/>
		<DOSatat75ft/>
		<DOat82ft/>
		<Temperatureat82ft/>
		<DOSatat82ft/>
		<Voltage/>
	</post><post>
		<ID>21053</ID>
		<Date>1508949000</Date>
		<Order>0</Order>
		<AirTemperature/>
		<RelativeHumidity/>
		<BarometricPressure/>
		<WindSpeed/>
		<WindDirection/>
		<DailyRain/>
		<SurfaceTemperature/>
		<Conductivity/>
		<pH/>
		<DOSatSurface/>
		<DOatSurface/>
		<CarbonDioxide/>
		<DOat10ft/>
		<Temperatureat10ft/>
		<DOSatat10ft/>
		<DOat16ft/>
		<Temperatureat16ft>56.55</Temperatureat16ft>
		<DOSatat16ft>89.1</DOSatat16ft>
		<DOat23ft>8.85</DOat23ft>
		<Temperatureat23ft>56.5</Temperatureat23ft>
		<DOSatat23ft>85.2</DOSatat23ft>
		<DOat30ft>9.15</DOat30ft>
		<Temperatureat30ft/>
		<DOSatat30ft/>
		<DOat36ft/>
		<Temperatureat36ft/>
		<DOSatat36ft/>
		<DOat43ft/>
		<Temperatureat43ft/>
		<DOSatat43ft/>
		<DOat49ft/>
		<Temperatureat49ft/>
		<DOSatat49ft/>
		<DOat56ft/>
		<Temperatureat56ft/>
		<DOSatat56ft/>
		<DOat62ft/>
		<Temperatureat62ft/>
		<DOSatat62ft/>
		<DOat69ft/>
		<Temperatureat69ft/>
		<DOSatat69ft/>
		<DOat75ft/>
		<Temperatureat75ft/>
		<DOSatat75ft/>
		<DOat82ft/>
		<Temperatureat82ft/>
		<DOSatat82ft/>
		<Voltage/>
	</post><post>
		<ID>21054</ID>
		<Date>1508948400</Date>
		<Order>0</Order>
		<AirTemperature/>
		<RelativeHumidity/>
		<BarometricPressure/>
		<WindSpeed/>
		<WindDirection/>
		<DailyRain/>
		<SurfaceTemperature/>
		<Conductivity/>
		<pH/>
		<DOSatSurface/>
		<DOatSurface/>
		<CarbonDioxide/>
		<DOat10ft/>
		<Temperatureat10ft/>
		<DOSatat10ft/>
		<DOat16ft/>
		<Temperatureat16ft>56.55</Temperatureat16ft>
		<DOSatat16ft>89.1</DOSatat16ft>
		<DOat23ft>8.9</DOat23ft>
		<Temperatureat23ft>56.5</Temperatureat23ft>
		<DOSatat23ft>85.7</DOSatat23ft>
		<DOat30ft>9.16</DOat30ft>
		<Temperatureat30ft/>
		<DOSatat30ft/>
		<DOat36ft/>
		<Temperatureat36ft/>
		<DOSatat36ft/>
		<DOat43ft/>
		<Temperatureat43ft/>
		<DOSatat43ft/>
		<DOat49ft/>
		<Temperatureat49ft/>
		<DOSatat49ft/>
		<DOat56ft/>
		<Temperatureat56ft/>
		<DOSatat56ft/>
		<DOat62ft/>
		<Temperatureat62ft/>
		<DOSatat62ft/>
		<DOat69ft/>
		<Temperatureat69ft/>
		<DOSatat69ft/>
		<DOat75ft/>
		<Temperatureat75ft/>
		<DOSatat75ft/>
		<DOat82ft/>
		<Temperatureat82ft/>
		<DOSatat82ft/>
		<Voltage/>
	</post><post>
		<ID>21055</ID>
		<Date>1508952600</Date>
		<Order>0</Order>
		<AirTemperature/>
		<RelativeHumidity/>
		<BarometricPressure/>
		<WindSpeed/>
		<WindDirection/>
		<DailyRain/>
		<SurfaceTemperature/>
		<Conductivity/>
		<pH/>
		<DOSatSurface/>
		<DOatSurface/>
		<CarbonDioxide>-499.9</CarbonDioxide>
		<DOat10ft>9.32</DOat10ft>
		<Temperatureat10ft>56.52</Temperatureat10ft>
		<DOSatat10ft>89.7</DOSatat10ft>
		<DOat16ft>9.22</DOat16ft>
		<Temperatureat16ft>56.52</Temperatureat16ft>
		<DOSatat16ft>88.7</DOSatat16ft>
		<DOat23ft>8.57</DOat23ft>
		<Temperatureat23ft>56.46</Temperatureat23ft>
		<DOSatat23ft>82.5</DOSatat23ft>
		<DOat30ft>8.96</DOat30ft>
		<Temperatureat30ft>56.43</Temperatureat30ft>
		<DOSatat30ft>86.2</DOSatat30ft>
		<DOat36ft>8.79</DOat36ft>
		<Temperatureat36ft>56.23</Temperatureat36ft>
		<DOSatat36ft>84.2</DOSatat36ft>
		<DOat43ft>9.05</DOat43ft>
		<Temperatureat43ft>55.89</Temperatureat43ft>
		<DOSatat43ft>86.4</DOSatat43ft>
		<DOat49ft>8.92</DOat49ft>
		<Temperatureat49ft>55.85</Temperatureat49ft>
		<DOSatat49ft>85.1</DOSatat49ft>
		<DOat56ft>8.99</DOat56ft>
		<Temperatureat56ft>55.83</Temperatureat56ft>
		<DOSatat56ft>85.8</DOSatat56ft>
		<DOat62ft>8.78</DOat62ft>
		<Temperatureat62ft>55.67</Temperatureat62ft>
		<DOSatat62ft>83.6</DOSatat62ft>
		<DOat69ft/>
		<Temperatureat69ft/>
		<DOSatat69ft/>
		<DOat75ft>9.04</DOat75ft>
		<Temperatureat75ft>55.62</Temperatureat75ft>
		<DOSatat75ft>86</DOSatat75ft>
		<DOat82ft>-0.07</DOat82ft>
		<Temperatureat82ft>55.56</Temperatureat82ft>
		<DOSatat82ft>-0.7</DOSatat82ft>
		<Voltage/>
	</post><post>
		<ID>21056</ID>
		<Date>1508952000</Date>
		<Order>0</Order>
		<AirTemperature/>
		<RelativeHumidity/>
		<BarometricPressure/>
		<WindSpeed/>
		<WindDirection/>
		<DailyRain/>
		<SurfaceTemperature/>
		<Conductivity/>
		<pH/>
		<DOSatSurface/>
		<DOatSurface/>
		<CarbonDioxide>239.7</CarbonDioxide>
		<DOat10ft>9.33</DOat10ft>
		<Temperatureat10ft>56.5</Temperatureat10ft>
		<DOSatat10ft>89.8</DOSatat10ft>
		<DOat16ft>9.22</DOat16ft>
		<Temperatureat16ft>56.52</Temperatureat16ft>
		<DOSatat16ft>88.8</DOSatat16ft>
		<DOat23ft>8.49</DOat23ft>
		<Temperatureat23ft>56.48</Temperatureat23ft>
		<DOSatat23ft>81.6</DOSatat23ft>
		<DOat30ft>9.03</DOat30ft>
		<Temperatureat30ft>56.43</Temperatureat30ft>
		<DOSatat30ft>86.8</DOSatat30ft>
		<DOat36ft>8.76</DOat36ft>
		<Temperatureat36ft>56.23</Temperatureat36ft>
		<DOSatat36ft>84</DOSatat36ft>
		<DOat43ft>9.05</DOat43ft>
		<Temperatureat43ft>55.83</Temperatureat43ft>
		<DOSatat43ft>86.4</DOSatat43ft>
		<DOat49ft>8.91</DOat49ft>
		<Temperatureat49ft>55.83</Temperatureat49ft>
		<DOSatat49ft>85.1</DOSatat49ft>
		<DOat56ft>8.91</DOat56ft>
		<Temperatureat56ft>55.8</Temperatureat56ft>
		<DOSatat56ft>85</DOSatat56ft>
		<DOat62ft>8.78</DOat62ft>
		<Temperatureat62ft>55.65</Temperatureat62ft>
		<DOSatat62ft>83.6</DOSatat62ft>
		<DOat69ft/>
		<Temperatureat69ft/>
		<DOSatat69ft/>
		<DOat75ft>8.95</DOat75ft>
		<Temperatureat75ft>55.76</Temperatureat75ft>
		<DOSatat75ft>85.3</DOSatat75ft>
		<DOat82ft>-0.07</DOat82ft>
		<Temperatureat82ft>55.58</Temperatureat82ft>
		<DOSatat82ft>-0.7</DOSatat82ft>
		<Voltage/>
	</post><post>
		<ID>21057</ID>
		<Date>1508951400</Date>
		<Order>0</Order>
		<AirTemperature/>
		<RelativeHumidity/>
		<BarometricPressure/>
		<WindSpeed/>
		<WindDirection/>
		<DailyRain/>
		<SurfaceTemperature/>
		<Conductivity/>
		<pH/>
		<DOSatSurface/>
		<DOatSurface/>
		<CarbonDioxide>-499.9</CarbonDioxide>
		<DOat10ft>9.35</DOat10ft>
		<Temperatureat10ft>56.5</Temperatureat10ft>
		<DOSatat10ft>89.9</DOSatat10ft>
		<DOat16ft>9.23</DOat16ft>
		<Temperatureat16ft>56.53</Temperatureat16ft>
		<DOSatat16ft>88.8</DOSatat16ft>
		<DOat23ft>8.45</DOat23ft>
		<Temperatureat23ft>56.48</Temperatureat23ft>
		<DOSatat23ft>81.3</DOSatat23ft>
		<DOat30ft>9.02</DOat30ft>
		<Temperatureat30ft>56.41</Temperatureat30ft>
		<DOSatat30ft>86.7</DOSatat30ft>
		<DOat36ft>8.79</DOat36ft>
		<Temperatureat36ft>56.21</Temperatureat36ft>
		<DOSatat36ft>84.2</DOSatat36ft>
		<DOat43ft>9.05</DOat43ft>
		<Temperatureat43ft>55.83</Temperatureat43ft>
		<DOSatat43ft>86.3</DOSatat43ft>
		<DOat49ft>8.93</DOat49ft>
		<Temperatureat49ft>55.83</Temperatureat49ft>
		<DOSatat49ft>85.2</DOSatat49ft>
		<DOat56ft>8.97</DOat56ft>
		<Temperatureat56ft>55.8</Temperatureat56ft>
		<DOSatat56ft>85.5</DOSatat56ft>
		<DOat62ft>8.78</DOat62ft>
		<Temperatureat62ft>55.65</Temperatureat62ft>
		<DOSatat62ft>83.6</DOSatat62ft>
		<DOat69ft/>
		<Temperatureat69ft/>
		<DOSatat69ft/>
		<DOat75ft>8.97</DOat75ft>
		<Temperatureat75ft>55.76</Temperatureat75ft>
		<DOSatat75ft>85.5</DOSatat75ft>
		<DOat82ft>-0.07</DOat82ft>
		<Temperatureat82ft>55.6</Temperatureat82ft>
		<DOSatat82ft>-0.7</DOSatat82ft>
		<Voltage/>
	</post><post>
		<ID>21058</ID>
		<Date>1508953200</Date>
		<Order>0</Order>
		<AirTemperature/>
		<RelativeHumidity/>
		<BarometricPressure/>
		<WindSpeed/>
		<WindDirection/>
		<DailyRain/>
		<SurfaceTemperature/>
		<Conductivity/>
		<pH/>
		<DOSatSurface/>
		<DOatSurface/>
		<CarbonDioxide>-499.8</CarbonDioxide>
		<DOat10ft>9.31</DOat10ft>
		<Temperatureat10ft>56.5</Temperatureat10ft>
		<DOSatat10ft>89.6</DOSatat10ft>
		<DOat16ft>9.14</DOat16ft>
		<Temperatureat16ft>56.52</Temperatureat16ft>
		<DOSatat16ft>88</DOSatat16ft>
		<DOat23ft>8.39</DOat23ft>
		<Temperatureat23ft>56.46</Temperatureat23ft>
		<DOSatat23ft>80.6</DOSatat23ft>
		<DOat30ft>9.04</DOat30ft>
		<Temperatureat30ft>56.43</Temperatureat30ft>
		<DOSatat30ft>86.9</DOSatat30ft>
		<DOat36ft>8.77</DOat36ft>
		<Temperatureat36ft>56.26</Temperatureat36ft>
		<DOSatat36ft>84.2</DOSatat36ft>
		<DOat43ft>9.06</DOat43ft>
		<Temperatureat43ft>55.89</Temperatureat43ft>
		<DOSatat43ft>86.5</DOSatat43ft>
		<DOat49ft>8.92</DOat49ft>
		<Temperatureat49ft>55.83</Temperatureat49ft>
		<DOSatat49ft>85.1</DOSatat49ft>
		<DOat56ft>8.98</DOat56ft>
		<Temperatureat56ft>55.83</Temperatureat56ft>
		<DOSatat56ft>85.7</DOSatat56ft>
		<DOat62ft>8.79</DOat62ft>
		<Temperatureat62ft>55.67</Temperatureat62ft>
		<DOSatat62ft>83.7</DOSatat62ft>
		<DOat69ft/>
		<Temperatureat69ft/>
		<DOSatat69ft/>
		<DOat75ft>9.04</DOat75ft>
		<Temperatureat75ft>55.6</Temperatureat75ft>
		<DOSatat75ft>86</DOSatat75ft>
		<DOat82ft>-0.07</DOat82ft>
		<Temperatureat82ft>55.56</Temperatureat82ft>
		<DOSatat82ft>-0.7</DOSatat82ft>
		<Voltage/>
	</post><post>
		<ID>21059</ID>
		<Date>1508954400</Date>
		<Order>0</Order>
		<AirTemperature/>
		<RelativeHumidity/>
		<BarometricPressure/>
		<WindSpeed/>
		<WindDirection/>
		<DailyRain/>
		<SurfaceTemperature/>
		<Conductivity/>
		<pH/>
		<DOSatSurface/>
		<DOatSurface/>
		<CarbonDioxide>234.1</CarbonDioxide>
		<DOat10ft>9.34</DOat10ft>
		<Temperatureat10ft>56.46</Temperatureat10ft>
		<DOSatat10ft>89.8</DOSatat10ft>
		<DOat16ft>9.15</DOat16ft>
		<Temperatureat16ft>56.52</Temperatureat16ft>
		<DOSatat16ft>88</DOSatat16ft>
		<DOat23ft>9.05</DOat23ft>
		<Temperatureat23ft>56.46</Temperatureat23ft>
		<DOSatat23ft>87</DOSatat23ft>
		<DOat30ft>9.12</DOat30ft>
		<Temperatureat30ft>56.41</Temperatureat30ft>
		<DOSatat30ft>87.7</DOSatat30ft>
		<DOat36ft>8.85</DOat36ft>
		<Temperatureat36ft>56.19</Temperatureat36ft>
		<DOSatat36ft>84.8</DOSatat36ft>
		<DOat43ft>9.08</DOat43ft>
		<Temperatureat43ft>55.87</Temperatureat43ft>
		<DOSatat43ft>86.6</DOSatat43ft>
		<DOat49ft>8.98</DOat49ft>
		<Temperatureat49ft>55.85</Temperatureat49ft>
		<DOSatat49ft>85.7</DOSatat49ft>
		<DOat56ft>9.01</DOat56ft>
		<Temperatureat56ft>55.83</Temperatureat56ft>
		<DOSatat56ft>86</DOSatat56ft>
		<DOat62ft>8.82</DOat62ft>
		<Temperatureat62ft>55.6</Temperatureat62ft>
		<DOSatat62ft>83.9</DOSatat62ft>
		<DOat69ft/>
		<Temperatureat69ft/>
		<DOSatat69ft/>
		<DOat75ft>9.11</DOat75ft>
		<Temperatureat75ft>55.62</Temperatureat75ft>
		<DOSatat75ft>86.7</DOSatat75ft>
		<DOat82ft>-0.07</DOat82ft>
		<Temperatureat82ft>55.56</Temperatureat82ft>
		<DOSatat82ft>-0.7</DOSatat82ft>
		<Voltage/>
	</post><post>
		<ID>21060</ID>
		<Date>1508953800</Date>
		<Order>0</Order>
		<AirTemperature/>
		<RelativeHumidity/>
		<BarometricPressure/>
		<WindSpeed/>
		<WindDirection/>
		<DailyRain/>
		<SurfaceTemperature/>
		<Conductivity/>
		<pH/>
		<DOSatSurface/>
		<DOatSurface/>
		<CarbonDioxide>230.5</CarbonDioxide>
		<DOat10ft>9.28</DOat10ft>
		<Temperatureat10ft>56.48</Temperatureat10ft>
		<DOSatat10ft>89.2</DOSatat10ft>
		<DOat16ft>9.12</DOat16ft>
		<Temperatureat16ft>56.52</Temperatureat16ft>
		<DOSatat16ft>87.8</DOSatat16ft>
		<DOat23ft>8.7</DOat23ft>
		<Temperatureat23ft>56.46</Temperatureat23ft>
		<DOSatat23ft>83.7</DOSatat23ft>
		<DOat30ft>9</DOat30ft>
		<Temperatureat30ft>56.41</Temperatureat30ft>
		<DOSatat30ft>86.5</DOSatat30ft>
		<DOat36ft>8.76</DOat36ft>
		<Temperatureat36ft>56.23</Temperatureat36ft>
		<DOSatat36ft>84</DOSatat36ft>
		<DOat43ft>9.06</DOat43ft>
		<Temperatureat43ft>55.87</Temperatureat43ft>
		<DOSatat43ft>86.5</DOSatat43ft>
		<DOat49ft>8.92</DOat49ft>
		<Temperatureat49ft>55.85</Temperatureat49ft>
		<DOSatat49ft>85.1</DOSatat49ft>
		<DOat56ft>8.99</DOat56ft>
		<Temperatureat56ft>55.83</Temperatureat56ft>
		<DOSatat56ft>85.8</DOSatat56ft>
		<DOat62ft>8.78</DOat62ft>
		<Temperatureat62ft>55.69</Temperatureat62ft>
		<DOSatat62ft>83.6</DOSatat62ft>
		<DOat69ft/>
		<Temperatureat69ft/>
		<DOSatat69ft/>
		<DOat75ft>9.05</DOat75ft>
		<Temperatureat75ft>55.6</Temperatureat75ft>
		<DOSatat75ft>86.1</DOSatat75ft>
		<DOat82ft>-0.07</DOat82ft>
		<Temperatureat82ft>55.56</Temperatureat82ft>
		<DOSatat82ft>-0.7</DOSatat82ft>
		<Voltage/>
	</post><post>
		<ID>21061</ID>
		<Date>1508955000</Date>
		<Order>0</Order>
		<AirTemperature/>
		<RelativeHumidity/>
		<BarometricPressure/>
		<WindSpeed/>
		<WindDirection/>
		<DailyRain/>
		<SurfaceTemperature/>
		<Conductivity/>
		<pH/>
		<DOSatSurface/>
		<DOatSurface/>
		<CarbonDioxide>-499.9</CarbonDioxide>
		<DOat10ft>9.26</DOat10ft>
		<Temperatureat10ft>56.48</Temperatureat10ft>
		<DOSatat10ft>89.1</DOSatat10ft>
		<DOat16ft>9.14</DOat16ft>
		<Temperatureat16ft>56.5</Temperatureat16ft>
		<DOSatat16ft>87.9</DOSatat16ft>
		<DOat23ft>8.91</DOat23ft>
		<Temperatureat23ft>56.46</Temperatureat23ft>
		<DOSatat23ft>85.7</DOSatat23ft>
		<DOat30ft>8.93</DOat30ft>
		<Temperatureat30ft>56.37</Temperatureat30ft>
		<DOSatat30ft>85.7</DOSatat30ft>
		<DOat36ft>8.69</DOat36ft>
		<Temperatureat36ft>56.19</Temperatureat36ft>
		<DOSatat36ft>83.3</DOSatat36ft>
		<DOat43ft>9.07</DOat43ft>
		<Temperatureat43ft>55.89</Temperatureat43ft>
		<DOSatat43ft>86.6</DOSatat43ft>
		<DOat49ft>8.9</DOat49ft>
		<Temperatureat49ft>55.85</Temperatureat49ft>
		<DOSatat49ft>85</DOSatat49ft>
		<DOat56ft>8.89</DOat56ft>
		<Temperatureat56ft>55.81</Temperatureat56ft>
		<DOSatat56ft>84.8</DOSatat56ft>
		<DOat62ft>8.8</DOat62ft>
		<Temperatureat62ft>55.6</Temperatureat62ft>
		<DOSatat62ft>83.7</DOSatat62ft>
		<DOat69ft/>
		<Temperatureat69ft/>
		<DOSatat69ft/>
		<DOat75ft>9.03</DOat75ft>
		<Temperatureat75ft>55.62</Temperatureat75ft>
		<DOSatat75ft>85.9</DOSatat75ft>
		<DOat82ft>-0.07</DOat82ft>
		<Temperatureat82ft>55.56</Temperatureat82ft>
		<DOSatat82ft>-0.7</DOSatat82ft>
		<Voltage/>
	</post><post>
		<ID>21062</ID>
		<Date>1508955600</Date>
		<Order>0</Order>
		<AirTemperature/>
		<RelativeHumidity/>
		<BarometricPressure/>
		<WindSpeed/>
		<WindDirection/>
		<DailyRain/>
		<SurfaceTemperature/>
		<Conductivity/>
		<pH/>
		<DOSatSurface/>
		<DOatSurface/>
		<CarbonDioxide>-499.9</CarbonDioxide>
		<DOat10ft>9.29</DOat10ft>
		<Temperatureat10ft>56.48</Temperatureat10ft>
		<DOSatat10ft>89.4</DOSatat10ft>
		<DOat16ft>9.24</DOat16ft>
		<Temperatureat16ft>56.52</Temperatureat16ft>
		<DOSatat16ft>88.9</DOSatat16ft>
		<DOat23ft>8.91</DOat23ft>
		<Temperatureat23ft>56.44</Temperatureat23ft>
		<DOSatat23ft>85.7</DOSatat23ft>
		<DOat30ft>8.98</DOat30ft>
		<Temperatureat30ft>56.37</Temperatureat30ft>
		<DOSatat30ft>86.2</DOSatat30ft>
		<DOat36ft>8.74</DOat36ft>
		<Temperatureat36ft>56.03</Temperatureat36ft>
		<DOSatat36ft>83.6</DOSatat36ft>
		<DOat43ft>9.07</DOat43ft>
		<Temperatureat43ft>55.8</Temperatureat43ft>
		<DOSatat43ft>86.5</DOSatat43ft>
		<DOat49ft>8.89</DOat49ft>
		<Temperatureat49ft>55.81</Temperatureat49ft>
		<DOSatat49ft>84.8</DOSatat49ft>
		<DOat56ft>8.94</DOat56ft>
		<Temperatureat56ft>55.78</Temperatureat56ft>
		<DOSatat56ft>85.2</DOSatat56ft>
		<DOat62ft>8.89</DOat62ft>
		<Temperatureat62ft>55.65</Temperatureat62ft>
		<DOSatat62ft>84.6</DOSatat62ft>
		<DOat69ft/>
		<Temperatureat69ft/>
		<DOSatat69ft/>
		<DOat75ft>9.06</DOat75ft>
		<Temperatureat75ft>55.62</Temperatureat75ft>
		<DOSatat75ft>86.2</DOSatat75ft>
		<DOat82ft>-0.07</DOat82ft>
		<Temperatureat82ft>55.56</Temperatureat82ft>
		<DOSatat82ft>-0.7</DOSatat82ft>
		<Voltage/>
	</post><post>
		<ID>21063</ID>
		<Date>1508956200</Date>
		<Order>0</Order>
		<AirTemperature/>
		<RelativeHumidity/>
		<BarometricPressure/>
		<WindSpeed/>
		<WindDirection/>
		<DailyRain/>
		<SurfaceTemperature/>
		<Conductivity/>
		<pH/>
		<DOSatSurface/>
		<DOatSurface/>
		<CarbonDioxide>-499.8</CarbonDioxide>
		<DOat10ft>9.31</DOat10ft>
		<Temperatureat10ft>56.46</Temperatureat10ft>
		<DOSatat10ft>89.5</DOSatat10ft>
		<DOat16ft>9.25</DOat16ft>
		<Temperatureat16ft>56.5</Temperatureat16ft>
		<DOSatat16ft>89</DOSatat16ft>
		<DOat23ft>8.95</DOat23ft>
		<Temperatureat23ft>56.43</Temperatureat23ft>
		<DOSatat23ft>86</DOSatat23ft>
		<DOat30ft>9.03</DOat30ft>
		<Temperatureat30ft>56.17</Temperatureat30ft>
		<DOSatat30ft>86.5</DOSatat30ft>
		<DOat36ft>8.81</DOat36ft>
		<Temperatureat36ft>55.9</Temperatureat36ft>
		<DOSatat36ft>84.1</DOSatat36ft>
		<DOat43ft>9.13</DOat43ft>
		<Temperatureat43ft>55.81</Temperatureat43ft>
		<DOSatat43ft>87.1</DOSatat43ft>
		<DOat49ft>8.94</DOat49ft>
		<Temperatureat49ft>55.78</Temperatureat49ft>
		<DOSatat49ft>85.2</DOSatat49ft>
		<DOat56ft>9.01</DOat56ft>
		<Temperatureat56ft>55.8</Temperatureat56ft>
		<DOSatat56ft>85.9</DOSatat56ft>
		<DOat62ft>8.88</DOat62ft>
		<Temperatureat62ft>55.63</Temperatureat62ft>
		<DOSatat62ft>84.5</DOSatat62ft>
		<DOat69ft/>
		<Temperatureat69ft/>
		<DOSatat69ft/>
		<DOat75ft>9.09</DOat75ft>
		<Temperatureat75ft>55.62</Temperatureat75ft>
		<DOSatat75ft>86.5</DOSatat75ft>
		<DOat82ft>-0.07</DOat82ft>
		<Temperatureat82ft>55.54</Temperatureat82ft>
		<DOSatat82ft>-0.7</DOSatat82ft>
		<Voltage/>
	</post><post>
		<ID>21064</ID>
		<Date>1508956800</Date>
		<Order>0</Order>
		<AirTemperature/>
		<RelativeHumidity/>
		<BarometricPressure/>
		<WindSpeed/>
		<WindDirection/>
		<DailyRain/>
		<SurfaceTemperature/>
		<Conductivity/>
		<pH/>
		<DOSatSurface/>
		<DOatSurface/>
		<CarbonDioxide>243.2</CarbonDioxide>
		<DOat10ft>9.29</DOat10ft>
		<Temperatureat10ft>56.48</Temperatureat10ft>
		<DOSatat10ft>89.4</DOSatat10ft>
		<DOat16ft>9.24</DOat16ft>
		<Temperatureat16ft>56.52</Temperatureat16ft>
		<DOSatat16ft>88.9</DOSatat16ft>
		<DOat23ft>8.7</DOat23ft>
		<Temperatureat23ft>56.44</Temperatureat23ft>
		<DOSatat23ft>83.7</DOSatat23ft>
		<DOat30ft>8.97</DOat30ft>
		<Temperatureat30ft>56.26</Temperatureat30ft>
		<DOSatat30ft>86.1</DOSatat30ft>
		<DOat36ft>8.85</DOat36ft>
		<Temperatureat36ft>55.94</Temperatureat36ft>
		<DOSatat36ft>84.5</DOSatat36ft>
		<DOat43ft>9.13</DOat43ft>
		<Temperatureat43ft>55.8</Temperatureat43ft>
		<DOSatat43ft>87</DOSatat43ft>
		<DOat49ft>9</DOat49ft>
		<Temperatureat49ft>55.8</Temperatureat49ft>
		<DOSatat49ft>85.8</DOSatat49ft>
		<DOat56ft>9.07</DOat56ft>
		<Temperatureat56ft>55.8</Temperatureat56ft>
		<DOSatat56ft>86.5</DOSatat56ft>
		<DOat62ft>8.94</DOat62ft>
		<Temperatureat62ft>55.65</Temperatureat62ft>
		<DOSatat62ft>85.1</DOSatat62ft>
		<DOat69ft/>
		<Temperatureat69ft/>
		<DOSatat69ft/>
		<DOat75ft>9.04</DOat75ft>
		<Temperatureat75ft>55.63</Temperatureat75ft>
		<DOSatat75ft>86</DOSatat75ft>
		<DOat82ft>-0.07</DOat82ft>
		<Temperatureat82ft>55.54</Temperatureat82ft>
		<DOSatat82ft>-0.7</DOSatat82ft>
		<Voltage/>
	</post><post>
		<ID>21065</ID>
		<Date>1508957400</Date>
		<Order>0</Order>
		<AirTemperature/>
		<RelativeHumidity/>
		<BarometricPressure/>
		<WindSpeed/>
		<WindDirection/>
		<DailyRain/>
		<SurfaceTemperature/>
		<Conductivity/>
		<pH/>
		<DOSatSurface/>
		<DOatSurface/>
		<CarbonDioxide>188.1</CarbonDioxide>
		<DOat10ft>9.31</DOat10ft>
		<Temperatureat10ft>56.46</Temperatureat10ft>
		<DOSatat10ft>89.6</DOSatat10ft>
		<DOat16ft>9.25</DOat16ft>
		<Temperatureat16ft>56.5</Temperatureat16ft>
		<DOSatat16ft>89</DOSatat16ft>
		<DOat23ft>9.08</DOat23ft>
		<Temperatureat23ft>56.46</Temperatureat23ft>
		<DOSatat23ft>87.3</DOSatat23ft>
		<DOat30ft>9.02</DOat30ft>
		<Temperatureat30ft>56.35</Temperatureat30ft>
		<DOSatat30ft>86.6</DOSatat30ft>
		<DOat36ft>8.79</DOat36ft>
		<Temperatureat36ft>55.96</Temperatureat36ft>
		<DOSatat36ft>84</DOSatat36ft>
		<DOat43ft>9.11</DOat43ft>
		<Temperatureat43ft>55.83</Temperatureat43ft>
		<DOSatat43ft>86.9</DOSatat43ft>
		<DOat49ft>8.98</DOat49ft>
		<Temperatureat49ft>55.81</Temperatureat49ft>
		<DOSatat49ft>85.7</DOSatat49ft>
		<DOat56ft>9.06</DOat56ft>
		<Temperatureat56ft>55.8</Temperatureat56ft>
		<DOSatat56ft>86.4</DOSatat56ft>
		<DOat62ft>8.93</DOat62ft>
		<Temperatureat62ft>55.63</Temperatureat62ft>
		<DOSatat62ft>85</DOSatat62ft>
		<DOat69ft/>
		<Temperatureat69ft/>
		<DOSatat69ft/>
		<DOat75ft>9.01</DOat75ft>
		<Temperatureat75ft>55.65</Temperatureat75ft>
		<DOSatat75ft>85.8</DOSatat75ft>
		<DOat82ft>-0.07</DOat82ft>
		<Temperatureat82ft>55.53</Temperatureat82ft>
		<DOSatat82ft>-0.7</DOSatat82ft>
		<Voltage/>
	</post><post>
		<ID>21066</ID>
		<Date>1508958600</Date>
		<Order>0</Order>
		<AirTemperature/>
		<RelativeHumidity/>
		<BarometricPressure/>
		<WindSpeed/>
		<WindDirection/>
		<DailyRain/>
		<SurfaceTemperature/>
		<Conductivity/>
		<pH/>
		<DOSatSurface/>
		<DOatSurface/>
		<CarbonDioxide>-499.8</CarbonDioxide>
		<DOat10ft>9.2</DOat10ft>
		<Temperatureat10ft>56.48</Temperatureat10ft>
		<DOSatat10ft>88.5</DOSatat10ft>
		<DOat16ft>9.14</DOat16ft>
		<Temperatureat16ft>56.48</Temperatureat16ft>
		<DOSatat16ft>87.9</DOSatat16ft>
		<DOat23ft>8.94</DOat23ft>
		<Temperatureat23ft>56.37</Temperatureat23ft>
		<DOSatat23ft>85.9</DOSatat23ft>
		<DOat30ft>8.85</DOat30ft>
		<Temperatureat30ft>55.92</Temperatureat30ft>
		<DOSatat30ft>84.5</DOSatat30ft>
		<DOat36ft>8.75</DOat36ft>
		<Temperatureat36ft>55.89</Temperatureat36ft>
		<DOSatat36ft>83.6</DOSatat36ft>
		<DOat43ft>9.11</DOat43ft>
		<Temperatureat43ft>55.83</Temperatureat43ft>
		<DOSatat43ft>86.9</DOSatat43ft>
		<DOat49ft>8.95</DOat49ft>
		<Temperatureat49ft>55.81</Temperatureat49ft>
		<DOSatat49ft>85.4</DOSatat49ft>
		<DOat56ft>9.03</DOat56ft>
		<Temperatureat56ft>55.81</Temperatureat56ft>
		<DOSatat56ft>86.2</DOSatat56ft>
		<DOat62ft>8.9</DOat62ft>
		<Temperatureat62ft>55.67</Temperatureat62ft>
		<DOSatat62ft>84.7</DOSatat62ft>
		<DOat69ft/>
		<Temperatureat69ft/>
		<DOSatat69ft/>
		<DOat75ft>8.96</DOat75ft>
		<Temperatureat75ft>55.71</Temperatureat75ft>
		<DOSatat75ft>85.4</DOSatat75ft>
		<DOat82ft>-0.07</DOat82ft>
		<Temperatureat82ft>55.53</Temperatureat82ft>
		<DOSatat82ft>-0.7</DOSatat82ft>
		<Voltage/>
	</post><post>
		<ID>21067</ID>
		<Date>1508958000</Date>
		<Order>0</Order>
		<AirTemperature/>
		<RelativeHumidity/>
		<BarometricPressure/>
		<WindSpeed/>
		<WindDirection/>
		<DailyRain/>
		<SurfaceTemperature/>
		<Conductivity/>
		<pH/>
		<DOSatSurface/>
		<DOatSurface/>
		<CarbonDioxide>-499.8</CarbonDioxide>
		<DOat10ft>9.28</DOat10ft>
		<Temperatureat10ft>56.46</Temperatureat10ft>
		<DOSatat10ft>89.3</DOSatat10ft>
		<DOat16ft>9.16</DOat16ft>
		<Temperatureat16ft>56.5</Temperatureat16ft>
		<DOSatat16ft>88.1</DOSatat16ft>
		<DOat23ft>8.91</DOat23ft>
		<Temperatureat23ft>56.41</Temperatureat23ft>
		<DOSatat23ft>85.6</DOSatat23ft>
		<DOat30ft>8.89</DOat30ft>
		<Temperatureat30ft>56.21</Temperatureat30ft>
		<DOSatat30ft>85.2</DOSatat30ft>
		<DOat36ft>8.82</DOat36ft>
		<Temperatureat36ft>55.9</Temperatureat36ft>
		<DOSatat36ft>84.2</DOSatat36ft>
		<DOat43ft>9.12</DOat43ft>
		<Temperatureat43ft>55.83</Temperatureat43ft>
		<DOSatat43ft>87</DOSatat43ft>
		<DOat49ft>8.95</DOat49ft>
		<Temperatureat49ft>55.78</Temperatureat49ft>
		<DOSatat49ft>85.4</DOSatat49ft>
		<DOat56ft>9.02</DOat56ft>
		<Temperatureat56ft>55.78</Temperatureat56ft>
		<DOSatat56ft>86</DOSatat56ft>
		<DOat62ft>8.92</DOat62ft>
		<Temperatureat62ft>55.67</Temperatureat62ft>
		<DOSatat62ft>84.9</DOSatat62ft>
		<DOat69ft/>
		<Temperatureat69ft/>
		<DOSatat69ft/>
		<DOat75ft>9</DOat75ft>
		<Temperatureat75ft>55.69</Temperatureat75ft>
		<DOSatat75ft>85.7</DOSatat75ft>
		<DOat82ft>-0.07</DOat82ft>
		<Temperatureat82ft>55.53</Temperatureat82ft>
		<DOSatat82ft>-0.7</DOSatat82ft>
		<Voltage/>
	</post><post>
		<ID>21068</ID>
		<Date>1508959800</Date>
		<Order>0</Order>
		<AirTemperature/>
		<RelativeHumidity/>
		<BarometricPressure/>
		<WindSpeed/>
		<WindDirection/>
		<DailyRain/>
		<SurfaceTemperature/>
		<Conductivity/>
		<pH/>
		<DOSatSurface/>
		<DOatSurface/>
		<CarbonDioxide>158.3</CarbonDioxide>
		<DOat10ft>9.26</DOat10ft>
		<Temperatureat10ft>56.46</Temperatureat10ft>
		<DOSatat10ft>89</DOSatat10ft>
		<DOat16ft>9.21</DOat16ft>
		<Temperatureat16ft>56.48</Temperatureat16ft>
		<DOSatat16ft>88.6</DOSatat16ft>
		<DOat23ft>9.16</DOat23ft>
		<Temperatureat23ft>56.41</Temperatureat23ft>
		<DOSatat23ft>88</DOSatat23ft>
		<DOat30ft>8.94</DOat30ft>
		<Temperatureat30ft>56.03</Temperatureat30ft>
		<DOSatat30ft>85.5</DOSatat30ft>
		<DOat36ft>8.76</DOat36ft>
		<Temperatureat36ft>55.9</Temperatureat36ft>
		<DOSatat36ft>83.7</DOSatat36ft>
		<DOat43ft>9.1</DOat43ft>
		<Temperatureat43ft>55.83</Temperatureat43ft>
		<DOSatat43ft>86.8</DOSatat43ft>
		<DOat49ft>8.93</DOat49ft>
		<Temperatureat49ft>55.83</Temperatureat49ft>
		<DOSatat49ft>85.3</DOSatat49ft>
		<DOat56ft>9.02</DOat56ft>
		<Temperatureat56ft>55.81</Temperatureat56ft>
		<DOSatat56ft>86.1</DOSatat56ft>
		<DOat62ft>8.92</DOat62ft>
		<Temperatureat62ft>55.62</Temperatureat62ft>
		<DOSatat62ft>84.9</DOSatat62ft>
		<DOat69ft/>
		<Temperatureat69ft/>
		<DOSatat69ft/>
		<DOat75ft>9.01</DOat75ft>
		<Temperatureat75ft>55.74</Temperatureat75ft>
		<DOSatat75ft>85.8</DOSatat75ft>
		<DOat82ft>-0.07</DOat82ft>
		<Temperatureat82ft>55.53</Temperatureat82ft>
		<DOSatat82ft>-0.7</DOSatat82ft>
		<Voltage/>
	</post><post>
		<ID>21069</ID>
		<Date>1508959200</Date>
		<Order>0</Order>
		<AirTemperature/>
		<RelativeHumidity/>
		<BarometricPressure/>
		<WindSpeed/>
		<WindDirection/>
		<DailyRain/>
		<SurfaceTemperature/>
		<Conductivity/>
		<pH/>
		<DOSatSurface/>
		<DOatSurface/>
		<CarbonDioxide>-500.1</CarbonDioxide>
		<DOat10ft>9.25</DOat10ft>
		<Temperatureat10ft>56.46</Temperatureat10ft>
		<DOSatat10ft>88.9</DOSatat10ft>
		<DOat16ft>9.22</DOat16ft>
		<Temperatureat16ft>56.48</Temperatureat16ft>
		<DOSatat16ft>88.7</DOSatat16ft>
		<DOat23ft>9.2</DOat23ft>
		<Temperatureat23ft>56.41</Temperatureat23ft>
		<DOSatat23ft>88.4</DOSatat23ft>
		<DOat30ft>9.06</DOat30ft>
		<Temperatureat30ft>56.01</Temperatureat30ft>
		<DOSatat30ft>86.6</DOSatat30ft>
		<DOat36ft>8.8</DOat36ft>
		<Temperatureat36ft>55.9</Temperatureat36ft>
		<DOSatat36ft>84.1</DOSatat36ft>
		<DOat43ft>9.11</DOat43ft>
		<Temperatureat43ft>55.83</Temperatureat43ft>
		<DOSatat43ft>86.9</DOSatat43ft>
		<DOat49ft>8.95</DOat49ft>
		<Temperatureat49ft>55.85</Temperatureat49ft>
		<DOSatat49ft>85.4</DOSatat49ft>
		<DOat56ft>9.05</DOat56ft>
		<Temperatureat56ft>55.8</Temperatureat56ft>
		<DOSatat56ft>86.3</DOSatat56ft>
		<DOat62ft>8.92</DOat62ft>
		<Temperatureat62ft>55.6</Temperatureat62ft>
		<DOSatat62ft>84.8</DOSatat62ft>
		<DOat69ft/>
		<Temperatureat69ft/>
		<DOSatat69ft/>
		<DOat75ft>9.03</DOat75ft>
		<Temperatureat75ft>55.71</Temperatureat75ft>
		<DOSatat75ft>86</DOSatat75ft>
		<DOat82ft>-0.07</DOat82ft>
		<Temperatureat82ft>55.53</Temperatureat82ft>
		<DOSatat82ft>-0.7</DOSatat82ft>
		<Voltage/>
	</post><post>
		<ID>21070</ID>
		<Date>1508960400</Date>
		<Order>0</Order>
		<AirTemperature/>
		<RelativeHumidity/>
		<BarometricPressure/>
		<WindSpeed/>
		<WindDirection/>
		<DailyRain/>
		<SurfaceTemperature/>
		<Conductivity/>
		<pH/>
		<DOSatSurface/>
		<DOatSurface/>
		<CarbonDioxide>154</CarbonDioxide>
		<DOat10ft>9.21</DOat10ft>
		<Temperatureat10ft>56.46</Temperatureat10ft>
		<DOSatat10ft>88.6</DOSatat10ft>
		<DOat16ft>9.19</DOat16ft>
		<Temperatureat16ft>56.48</Temperatureat16ft>
		<DOSatat16ft>88.4</DOSatat16ft>
		<DOat23ft>9.13</DOat23ft>
		<Temperatureat23ft>56.41</Temperatureat23ft>
		<DOSatat23ft>87.7</DOSatat23ft>
		<DOat30ft>8.92</DOat30ft>
		<Temperatureat30ft>56.16</Temperatureat30ft>
		<DOSatat30ft>85.4</DOSatat30ft>
		<DOat36ft>8.79</DOat36ft>
		<Temperatureat36ft>55.9</Temperatureat36ft>
		<DOSatat36ft>83.9</DOSatat36ft>
		<DOat43ft>9.09</DOat43ft>
		<Temperatureat43ft>55.85</Temperatureat43ft>
		<DOSatat43ft>86.7</DOSatat43ft>
		<DOat49ft>8.91</DOat49ft>
		<Temperatureat49ft>55.85</Temperatureat49ft>
		<DOSatat49ft>85</DOSatat49ft>
		<DOat56ft>9.02</DOat56ft>
		<Temperatureat56ft>55.81</Temperatureat56ft>
		<DOSatat56ft>86</DOSatat56ft>
		<DOat62ft>8.89</DOat62ft>
		<Temperatureat62ft>55.6</Temperatureat62ft>
		<DOSatat62ft>84.5</DOSatat62ft>
		<DOat69ft/>
		<Temperatureat69ft/>
		<DOSatat69ft/>
		<DOat75ft>9.03</DOat75ft>
		<Temperatureat75ft>55.72</Temperatureat75ft>
		<DOSatat75ft>86</DOSatat75ft>
		<DOat82ft>-0.07</DOat82ft>
		<Temperatureat82ft>55.51</Temperatureat82ft>
		<DOSatat82ft>-0.7</DOSatat82ft>
		<Voltage/>
	</post><post>
		<ID>21071</ID>
		<Date>1508961000</Date>
		<Order>0</Order>
		<AirTemperature/>
		<RelativeHumidity/>
		<BarometricPressure/>
		<WindSpeed/>
		<WindDirection/>
		<DailyRain/>
		<SurfaceTemperature/>
		<Conductivity/>
		<pH/>
		<DOSatSurface/>
		<DOatSurface/>
		<CarbonDioxide>160</CarbonDioxide>
		<DOat10ft>9.17</DOat10ft>
		<Temperatureat10ft>56.44</Temperatureat10ft>
		<DOSatat10ft>88.1</DOSatat10ft>
		<DOat16ft>9.15</DOat16ft>
		<Temperatureat16ft>56.46</Temperatureat16ft>
		<DOSatat16ft>88</DOSatat16ft>
		<DOat23ft>9.13</DOat23ft>
		<Temperatureat23ft>56.41</Temperatureat23ft>
		<DOSatat23ft>87.7</DOSatat23ft>
		<DOat30ft>8.76</DOat30ft>
		<Temperatureat30ft>56.08</Temperatureat30ft>
		<DOSatat30ft>83.9</DOSatat30ft>
		<DOat36ft>8.77</DOat36ft>
		<Temperatureat36ft>55.9</Temperatureat36ft>
		<DOSatat36ft>83.8</DOSatat36ft>
		<DOat43ft>9.08</DOat43ft>
		<Temperatureat43ft>55.85</Temperatureat43ft>
		<DOSatat43ft>86.7</DOSatat43ft>
		<DOat49ft>8.92</DOat49ft>
		<Temperatureat49ft>55.85</Temperatureat49ft>
		<DOSatat49ft>85.1</DOSatat49ft>
		<DOat56ft>9.02</DOat56ft>
		<Temperatureat56ft>55.81</Temperatureat56ft>
		<DOSatat56ft>86</DOSatat56ft>
		<DOat62ft>8.89</DOat62ft>
		<Temperatureat62ft>55.63</Temperatureat62ft>
		<DOSatat62ft>84.6</DOSatat62ft>
		<DOat69ft/>
		<Temperatureat69ft/>
		<DOSatat69ft/>
		<DOat75ft>9.01</DOat75ft>
		<Temperatureat75ft>55.74</Temperatureat75ft>
		<DOSatat75ft>85.8</DOSatat75ft>
		<DOat82ft>-0.07</DOat82ft>
		<Temperatureat82ft>55.51</Temperatureat82ft>
		<DOSatat82ft>-0.7</DOSatat82ft>
		<Voltage/>
	</post><post>
		<ID>21072</ID>
		<Date>1508962200</Date>
		<Order>0</Order>
		<AirTemperature/>
		<RelativeHumidity/>
		<BarometricPressure/>
		<WindSpeed/>
		<WindDirection/>
		<DailyRain/>
		<SurfaceTemperature/>
		<Conductivity/>
		<pH/>
		<DOSatSurface/>
		<DOatSurface/>
		<CarbonDioxide>151.2</CarbonDioxide>
		<DOat10ft>9.02</DOat10ft>
		<Temperatureat10ft>56.43</Temperatureat10ft>
		<DOSatat10ft>86.7</DOSatat10ft>
		<DOat16ft>8.9</DOat16ft>
		<Temperatureat16ft>56.44</Temperatureat16ft>
		<DOSatat16ft>85.6</DOSatat16ft>
		<DOat23ft>9.11</DOat23ft>
		<Temperatureat23ft>56.39</Temperatureat23ft>
		<DOSatat23ft>87.5</DOSatat23ft>
		<DOat30ft>8.74</DOat30ft>
		<Temperatureat30ft>55.99</Temperatureat30ft>
		<DOSatat30ft>83.5</DOSatat30ft>
		<DOat36ft>8.7</DOat36ft>
		<Temperatureat36ft>55.92</Temperatureat36ft>
		<DOSatat36ft>83.1</DOSatat36ft>
		<DOat43ft>9.06</DOat43ft>
		<Temperatureat43ft>55.89</Temperatureat43ft>
		<DOSatat43ft>86.5</DOSatat43ft>
		<DOat49ft>8.93</DOat49ft>
		<Temperatureat49ft>55.85</Temperatureat49ft>
		<DOSatat49ft>85.2</DOSatat49ft>
		<DOat56ft>9.02</DOat56ft>
		<Temperatureat56ft>55.83</Temperatureat56ft>
		<DOSatat56ft>86.1</DOSatat56ft>
		<DOat62ft>8.84</DOat62ft>
		<Temperatureat62ft>55.67</Temperatureat62ft>
		<DOSatat62ft>84.2</DOSatat62ft>
		<DOat69ft/>
		<Temperatureat69ft/>
		<DOSatat69ft/>
		<DOat75ft>9</DOat75ft>
		<Temperatureat75ft>55.72</Temperatureat75ft>
		<DOSatat75ft>85.8</DOSatat75ft>
		<DOat82ft>-0.07</DOat82ft>
		<Temperatureat82ft>55.49</Temperatureat82ft>
		<DOSatat82ft>-0.7</DOSatat82ft>
		<Voltage/>
	</post><post>
		<ID>21073</ID>
		<Date>1508961600</Date>
		<Order>0</Order>
		<AirTemperature/>
		<RelativeHumidity/>
		<BarometricPressure/>
		<WindSpeed/>
		<WindDirection/>
		<DailyRain/>
		<SurfaceTemperature/>
		<Conductivity/>
		<pH/>
		<DOSatSurface/>
		<DOatSurface/>
		<CarbonDioxide>145</CarbonDioxide>
		<DOat10ft>9.13</DOat10ft>
		<Temperatureat10ft>56.44</Temperatureat10ft>
		<DOSatat10ft>87.8</DOSatat10ft>
		<DOat16ft>9.08</DOat16ft>
		<Temperatureat16ft>56.46</Temperatureat16ft>
		<DOSatat16ft>87.3</DOSatat16ft>
		<DOat23ft>9.09</DOat23ft>
		<Temperatureat23ft>56.35</Temperatureat23ft>
		<DOSatat23ft>87.3</DOSatat23ft>
		<DOat30ft>8.78</DOat30ft>
		<Temperatureat30ft>56.05</Temperatureat30ft>
		<DOSatat30ft>84</DOSatat30ft>
		<DOat36ft>8.73</DOat36ft>
		<Temperatureat36ft>55.9</Temperatureat36ft>
		<DOSatat36ft>83.3</DOSatat36ft>
		<DOat43ft>9.08</DOat43ft>
		<Temperatureat43ft>55.87</Temperatureat43ft>
		<DOSatat43ft>86.7</DOSatat43ft>
		<DOat49ft>8.93</DOat49ft>
		<Temperatureat49ft>55.85</Temperatureat49ft>
		<DOSatat49ft>85.3</DOSatat49ft>
		<DOat56ft>9.02</DOat56ft>
		<Temperatureat56ft>55.81</Temperatureat56ft>
		<DOSatat56ft>86.1</DOSatat56ft>
		<DOat62ft>8.86</DOat62ft>
		<Temperatureat62ft>55.65</Temperatureat62ft>
		<DOSatat62ft>84.3</DOSatat62ft>
		<DOat69ft/>
		<Temperatureat69ft/>
		<DOSatat69ft/>
		<DOat75ft>9.02</DOat75ft>
		<Temperatureat75ft>55.72</Temperatureat75ft>
		<DOSatat75ft>86</DOSatat75ft>
		<DOat82ft>-0.07</DOat82ft>
		<Temperatureat82ft>55.49</Temperatureat82ft>
		<DOSatat82ft>-0.7</DOSatat82ft>
		<Voltage/>
	</post><post>
		<ID>21074</ID>
		<Date>1508964000</Date>
		<Order>0</Order>
		<AirTemperature/>
		<RelativeHumidity/>
		<BarometricPressure/>
		<WindSpeed/>
		<WindDirection/>
		<DailyRain/>
		<SurfaceTemperature/>
		<Conductivity/>
		<pH/>
		<DOSatSurface/>
		<DOatSurface/>
		<CarbonDioxide>123</CarbonDioxide>
		<DOat10ft>9</DOat10ft>
		<Temperatureat10ft>56.39</Temperatureat10ft>
		<DOSatat10ft>86.5</DOSatat10ft>
		<DOat16ft>8.74</DOat16ft>
		<Temperatureat16ft>56.41</Temperatureat16ft>
		<DOSatat16ft>84</DOSatat16ft>
		<DOat23ft>8.85</DOat23ft>
		<Temperatureat23ft>56.3</Temperatureat23ft>
		<DOSatat23ft>84.9</DOSatat23ft>
		<DOat30ft>8.72</DOat30ft>
		<Temperatureat30ft>55.96</Temperatureat30ft>
		<DOSatat30ft>83.4</DOSatat30ft>
		<DOat36ft>8.67</DOat36ft>
		<Temperatureat36ft>55.94</Temperatureat36ft>
		<DOSatat36ft>82.9</DOSatat36ft>
		<DOat43ft>9.03</DOat43ft>
		<Temperatureat43ft>55.89</Temperatureat43ft>
		<DOSatat43ft>86.2</DOSatat43ft>
		<DOat49ft>8.9</DOat49ft>
		<Temperatureat49ft>55.89</Temperatureat49ft>
		<DOSatat49ft>85</DOSatat49ft>
		<DOat56ft>8.97</DOat56ft>
		<Temperatureat56ft>55.83</Temperatureat56ft>
		<DOSatat56ft>85.6</DOSatat56ft>
		<DOat62ft>8.85</DOat62ft>
		<Temperatureat62ft>55.72</Temperatureat62ft>
		<DOSatat62ft>84.4</DOSatat62ft>
		<DOat69ft/>
		<Temperatureat69ft/>
		<DOSatat69ft/>
		<DOat75ft>8.93</DOat75ft>
		<Temperatureat75ft>55.74</Temperatureat75ft>
		<DOSatat75ft>85.1</DOSatat75ft>
		<DOat82ft>-0.07</DOat82ft>
		<Temperatureat82ft>55.47</Temperatureat82ft>
		<DOSatat82ft>-0.7</DOSatat82ft>
		<Voltage/>
	</post><post>
		<ID>21075</ID>
		<Date>1508963400</Date>
		<Order>0</Order>
		<AirTemperature/>
		<RelativeHumidity/>
		<BarometricPressure/>
		<WindSpeed/>
		<WindDirection/>
		<DailyRain/>
		<SurfaceTemperature/>
		<Conductivity/>
		<pH/>
		<DOSatSurface/>
		<DOatSurface/>
		<CarbonDioxide>142.8</CarbonDioxide>
		<DOat10ft>8.87</DOat10ft>
		<Temperatureat10ft>56.41</Temperatureat10ft>
		<DOSatat10ft>85.2</DOSatat10ft>
		<DOat16ft>8.9</DOat16ft>
		<Temperatureat16ft>56.43</Temperatureat16ft>
		<DOSatat16ft>85.5</DOSatat16ft>
		<DOat23ft>8.79</DOat23ft>
		<Temperatureat23ft>56.3</Temperatureat23ft>
		<DOSatat23ft>84.4</DOSatat23ft>
		<DOat30ft>8.72</DOat30ft>
		<Temperatureat30ft>55.96</Temperatureat30ft>
		<DOSatat30ft>83.4</DOSatat30ft>
		<DOat36ft>8.68</DOat36ft>
		<Temperatureat36ft>55.96</Temperatureat36ft>
		<DOSatat36ft>83</DOSatat36ft>
		<DOat43ft>9.05</DOat43ft>
		<Temperatureat43ft>55.89</Temperatureat43ft>
		<DOSatat43ft>86.4</DOSatat43ft>
		<DOat49ft>8.93</DOat49ft>
		<Temperatureat49ft>55.87</Temperatureat49ft>
		<DOSatat49ft>85.2</DOSatat49ft>
		<DOat56ft>8.98</DOat56ft>
		<Temperatureat56ft>55.83</Temperatureat56ft>
		<DOSatat56ft>85.7</DOSatat56ft>
		<DOat62ft>8.84</DOat62ft>
		<Temperatureat62ft>55.72</Temperatureat62ft>
		<DOSatat62ft>84.2</DOSatat62ft>
		<DOat69ft/>
		<Temperatureat69ft/>
		<DOSatat69ft/>
		<DOat75ft>8.97</DOat75ft>
		<Temperatureat75ft>55.72</Temperatureat75ft>
		<DOSatat75ft>85.5</DOSatat75ft>
		<DOat82ft>-0.07</DOat82ft>
		<Temperatureat82ft>55.47</Temperatureat82ft>
		<DOSatat82ft>-0.7</DOSatat82ft>
		<Voltage/>
	</post><post>
		<ID>21076</ID>
		<Date>1508962800</Date>
		<Order>0</Order>
		<AirTemperature/>
		<RelativeHumidity/>
		<BarometricPressure/>
		<WindSpeed/>
		<WindDirection/>
		<DailyRain/>
		<SurfaceTemperature/>
		<Conductivity/>
		<pH/>
		<DOSatSurface/>
		<DOatSurface/>
		<CarbonDioxide>145.3</CarbonDioxide>
		<DOat10ft>8.9</DOat10ft>
		<Temperatureat10ft>56.43</Temperatureat10ft>
		<DOSatat10ft>85.6</DOSatat10ft>
		<DOat16ft>8.43</DOat16ft>
		<Temperatureat16ft>56.44</Temperatureat16ft>
		<DOSatat16ft>81</DOSatat16ft>
		<DOat23ft>9.07</DOat23ft>
		<Temperatureat23ft>56.35</Temperatureat23ft>
		<DOSatat23ft>87.1</DOSatat23ft>
		<DOat30ft>8.73</DOat30ft>
		<Temperatureat30ft>55.99</Temperatureat30ft>
		<DOSatat30ft>83.5</DOSatat30ft>
		<DOat36ft>8.66</DOat36ft>
		<Temperatureat36ft>55.94</Temperatureat36ft>
		<DOSatat36ft>82.8</DOSatat36ft>
		<DOat43ft>9.07</DOat43ft>
		<Temperatureat43ft>55.89</Temperatureat43ft>
		<DOSatat43ft>86.6</DOSatat43ft>
		<DOat49ft>8.92</DOat49ft>
		<Temperatureat49ft>55.85</Temperatureat49ft>
		<DOSatat49ft>85.2</DOSatat49ft>
		<DOat56ft>9.02</DOat56ft>
		<Temperatureat56ft>55.85</Temperatureat56ft>
		<DOSatat56ft>86.1</DOSatat56ft>
		<DOat62ft>8.84</DOat62ft>
		<Temperatureat62ft>55.69</Temperatureat62ft>
		<DOSatat62ft>84.2</DOSatat62ft>
		<DOat69ft/>
		<Temperatureat69ft/>
		<DOSatat69ft/>
		<DOat75ft>9.01</DOat75ft>
		<Temperatureat75ft>55.74</Temperatureat75ft>
		<DOSatat75ft>85.9</DOSatat75ft>
		<DOat82ft>-0.07</DOat82ft>
		<Temperatureat82ft>55.49</Temperatureat82ft>
		<DOSatat82ft>-0.7</DOSatat82ft>
		<Voltage/>
	</post></data>